date,open,high,low,close,preclose,volume,amount,turn,pctChg
2018-02-12,15.7500,15.7900,15.4600,15.6000,15.9700,29842926,466138575.0000,0.259370,-2.316843
2018-02-13,15.6500,15.9700,15.6400,15.7600,15.6000,15445574,244367304.0000,0.134240,1.025640
2018-02-14,15.8200,16.0800,15.8200,15.9900,15.7600,13113957,209539442.0000,0.113976,1.459388
2018-02-22,16.0800,16.1500,15.9900,16.1100,15.9900,12485863,200799734.0000,0.108517,0.750474
2018-02-23,16.1000,16.3500,16.0700,16.2500,16.1100,17783676,288847732.0000,0.154561,0.869022
2018-02-26,16.3300,16.4300,16.2500,16.4100,16.2500,18906223,309268251.0000,0.164317,0.984614
2018-02-27,16.4500,16.6000,16.4200,16.5400,16.4100,21009788,347503439.0000,0.182599,0.792206
2018-02-28,16.4800,16.6300,16.3800,16.4700,16.5400,14353057,236746342.0000,0.124745,-0.423226
2018-03-01,16.3900,16.5900,16.3900,16.4900,16.4700,13479481,222388513.0000,0.117152,0.121436
2018-03-02,16.4400,16.7700,16.4100,16.7500,16.4900,20526643,341559915.0000,0.178400,1.576715
2018-03-05,16.7000,16.8500,16.6300,16.8400,16.7500,16191604,271360076.0000,0.140724,0.537314
2018-03-06,16.8800,16.9300,16.6000,16.6600,16.8400,12535377,209627460.0000,0.108947,-1.068885
2018-03-07,16.6300,16.8400,16.6100,16.6700,16.6600,15277697,255372493.0000,0.132781,0.060025
2018-03-08,16.7800,17.0800,16.7600,16.9500,16.6700,20296251,344855347.0000,0.176398,1.679668
2018-03-09,17.0800,17.0900,16.8400,16.9600,16.9500,10022367,169712082.0000,0.087106,0.058987
2018-03-12,17.0200,17.0300,16.5900,16.7000,16.9600,23945862,401500220.0000,0.208117,-1.533009
2018-03-13,16.7100,16.7900,16.6000,16.7000,16.7000,10944917,182885766.0000,0.095124,0.000000
2018-03-14,16.6800,16.7600,16.6100,16.7000,16.7000,10672401,178216760.0000,0.092756,0.000000
2018-03-15,16.6400,16.7300,16.6200,16.6500,16.7000,10741722,179160334.0000,0.093358,-0.299408
2018-03-16,16.6100,16.7800,16.5900,16.6500,16.6500,11089664,184915571.0000,0.096382,0.000000
2018-03-19,16.6300,16.6700,16.4000,16.6500,16.6500,13566937,224407975.0000,0.117912,0.000000
2018-03-20,16.5600,16.7200,16.5400,16.6800,16.6500,9706050,161463245.0000,0.084357,0.180184
2018-03-21,16.7200,16.7300,16.5000,16.6300,16.6800,11080004,184072194.0000,0.096298,-0.299767
2018-03-22,16.5900,16.6100,16.3900,16.5100,16.6300,15075351,248225505.0000,0.131022,-0.721581
2018-03-23,16.3000,16.5200,16.1400,16.4900,16.5100,33462972,546436895.0000,0.290832,-0.121141
2018-03-26,16.3600,16.5300,16.3100,16.3700,16.4900,21246110,348441395.0000,0.184653,-0.727707
2018-03-27,16.4300,16.5700,16.4100,16.4900,16.3700,10206075,168246144.0000,0.088703,0.733042
2018-03-28,16.4000,16.5300,16.1200,16.1900,16.4900,19465503,317156215.0000,0.169178,-1.819280
2018-03-29,16.2800,16.3500,15.9800,16.1000,16.1900,18864210,303942064.0000,0.163952,-0.555900
2018-03-30,16.1000,16.2600,15.9400,16.0200,16.1000,21465187,344588381.0000,0.186557,-0.496894
2018-04-02,16.0000,16.0800,15.9100,15.9700,16.0200,14314749,229049562.0000,0.124412,-0.312111
2018-04-03,15.9200,15.9600,15.8200,15.8700,15.9700,13661400,216930183.0000,0.118733,-0.626177
2018-04-04,15.8700,16.0000,15.8400,15.8600,15.8700,10198965,162194555.0000,0.088641,-0.063013
2018-04-09,15.8900,16.1100,15.8300,16.0300,15.8600,15594169,249161891.0000,0.135531,1.071885
2018-04-10,16.0500,16.1900,16.0500,16.1500,16.0300,11963410,192991995.0000,0.103976,0.748590
2018-04-11,16.1500,16.2500,16.0900,16.2300,16.1500,9443246,152985022.0000,0.082073,0.495356
2018-04-12,16.2800,16.2900,16.0800,16.1500,16.2300,10647964,172292223.0000,0.092543,-0.492914
2018-04-13,16.1800,16.2000,15.9200,15.9400,16.1500,11194171,179594729.0000,0.097290,-1.300310
2018-04-16,16.0000,16.0000,15.7800,15.8300,15.9400,14035807,222960962.0000,0.121987,-0.690086
2018-04-17,15.8400,16.1400,15.8400,15.9900,15.8300,12683653,203322280.0000,0.110236,1.010738
2018-04-18,16.0800,16.0800,15.8800,16.0300,15.9900,10721587,171535524.0000,0.093183,0.250162
2018-04-19,16.0700,16.1200,15.9100,15.9500,16.0300,10374769,166045677.0000,0.090169,-0.499070
2018-04-20,15.9000,16.1400,15.9000,16.0500,15.9500,13052143,209674018.0000,0.113438,0.626956
2018-04-23,16.0000,16.1900,15.9900,16.1400,16.0500,10985246,177111467.0000,0.095475,0.560749
2018-04-24,16.0900,16.2700,16.0900,16.2000,16.1400,10422975,168826575.0000,0.090588,0.371756
2018-04-25,16.2000,16.2500,15.9700,16.0000,16.2000,11310638,181989338.0000,0.098303,-1.234573
2018-04-26,16.0500,16.0800,15.9500,16.0000,16.0000,11697829,187175938.0000,0.101668,0.000000
2018-04-27,16.0400,16.1400,15.9800,16.1100,16.0000,13910532,223308013.0000,0.120899,0.687504
2018-05-02,15.9800,16.0700,15.6300,15.9600,16.1100,24575999,389940916.0000,0.213594,-0.931102
2018-05-03,15.8600,16.0000,15.7900,15.9800,15.9600,13668940,217514040.0000,0.118799,0.125310
2018-05-04,16.0000,16.1200,15.9500,16.0900,15.9800,9815803,157407265.0000,0.085311,0.688364
2018-05-07,16.0900,16.1800,16.0400,16.1300,16.0900,12293352,198029889.0000,0.106844,0.248595
2018-05-08,16.1700,16.2000,16.0800,16.1700,16.1300,13101019,211430931.0000,0.113863,0.247991
2018-05-09,16.1700,16.2200,16.1500,16.1900,16.1700,8053046,130319658.0000,0.069990,0.123689
2018-05-10,16.2600,16.2900,15.9600,16.0300,16.1900,19414686,311876233.0000,0.168736,-0.988263
2018-05-11,16.0800,16.1600,15.9900,16.1300,16.0300,13209483,212637326.0000,0.114806,0.623821
2018-05-14,16.1200,16.2800,16.1100,16.2300,16.1300,12572644,203666575.0000,0.109271,0.619965
2018-05-15,16.2700,16.6700,16.2100,16.6400,16.2300,21001141,346913904.0000,0.182524,2.526185
2018-05-16,16.6000,16.8300,16.5000,16.7000,16.6400,15244118,254601965.0000,0.132489,0.360585
2018-05-17,16.6800,16.8100,16.5700,16.7000,16.7000,10816822,180579915.0000,0.094011,0.000000
2018-05-18,16.6700,16.8200,16.5400,16.7800,16.7000,18275428,305739343.0000,0.158835,0.479042
2018-05-21,16.8000,16.8900,16.5300,16.6600,16.7800,12988922,216800567.0000,0.112889,-0.715142
2018-05-22,16.6500,16.7500,16.5600,16.7200,16.6600,7911454,131798298.0000,0.068760,0.360141
2018-05-23,16.7000,16.7200,16.5900,16.6400,16.7200,8629347,143788647.0000,0.074999,-0.478469
2018-05-24,16.5900,16.7200,16.5500,16.6000,16.6400,10393129,172742880.0000,0.090328,-0.240379
2018-05-25,16.6100,17.0500,16.5600,16.8700,16.6000,20477210,344515018.0000,0.177971,1.626509
2018-05-28,16.9200,17.0300,16.8000,16.9100,16.8700,12162854,205966155.0000,0.105709,0.237101
2018-05-29,16.8600,16.9900,16.8100,16.9800,16.9100,16099983,271680399.0000,0.139928,0.413954
2018-05-30,16.8700,16.9600,16.7100,16.7800,16.9800,15663525,263602502.0000,0.136134,-1.177850
2018-05-31,16.7200,17.2200,16.7200,17.1100,16.7800,32396758,552782527.0000,0.281565,1.966626
2018-06-01,17.0600,17.0600,16.7700,16.7800,17.1100,13313398,224663922.0000,0.115709,-1.928696
2018-06-04,16.9000,16.9700,16.7300,16.8600,16.7800,9878857,166369388.0000,0.085859,0.476758
2018-06-05,16.8600,16.9200,16.6900,16.9000,16.8600,12153921,204606610.0000,0.105632,0.237242
2018-06-06,16.9400,17.2400,16.8700,17.2000,16.9000,16603485,284063076.0000,0.144304,1.775155
2018-06-07,17.2000,17.2300,16.9000,17.0300,17.2000,19675040,335130319.0000,0.170999,-0.988372
2018-06-08,16.9700,17.0800,16.8200,16.9900,17.0300,18432366,312035762.0000,0.160199,-0.234885
2018-06-11,16.8800,17.0300,16.8300,17.0000,16.9900,14371075,243582407.0000,0.124901,0.058860
2018-06-12,16.9500,17.2400,16.9300,17.1400,17.0000,21663129,371176599.0000,0.188278,0.823526
2018-06-13,17.1000,17.4500,17.1000,17.3200,17.1400,24301660,420693492.0000,0.211210,1.050177
2018-06-14,17.2800,17.8500,17.2600,17.5400,17.3200,30709120,540530822.0000,0.266898,1.270215
2018-06-15,17.5700,17.8000,17.4600,17.6700,17.5400,25128475,442501257.0000,0.218396,0.741158
2018-06-19,17.5800,17.7900,17.4400,17.6900,17.6700,48952933,863649055.0000,0.425458,0.113189
2018-06-20,17.5100,17.7000,17.4200,17.5600,17.6900,20060997,352086593.0000,0.174353,-0.734885
2018-06-21,17.5900,17.7100,17.5600,17.6500,17.5600,20449646,360719222.0000,0.177731,0.512529
2018-06-22,17.0200,17.0200,16.4500,16.6100,16.9700,30268377,503815132.0000,0.263067,-2.121383
2018-06-25,16.5900,16.6200,16.4000,16.4700,16.6100,21345191,352461552.0000,0.185515,-0.842874
2018-06-26,16.4000,16.5400,16.2000,16.2300,16.4700,18978862,310260023.0000,0.164948,-1.457194
2018-06-27,16.2500,16.4000,16.0700,16.2200,16.2300,19382744,314118842.0000,0.168459,-0.061616
2018-06-28,16.1000,16.2500,16.0000,16.1300,16.2200,17096988,275616352.0000,0.148593,-0.554871
2018-06-29,16.1300,16.1900,16.0800,16.1400,16.1300,13495715,217644205.0000,0.117293,0.061998
2018-07-02,16.0900,16.1400,15.8300,15.8500,16.1400,14357259,229185812.0000,0.124781,-1.796772
2018-07-03,15.9500,15.9800,15.4400,15.8600,15.8500,21517010,338971828.0000,0.187008,0.063087
2018-07-04,15.8200,16.2500,15.7600,16.1500,15.8600,18098783,290794114.0000,0.157299,1.828499
2018-07-05,16.0500,16.3700,15.9900,16.3400,16.1500,30634218,496664188.0000,0.266247,1.176474
2018-07-06,16.3000,16.4400,16.2300,16.3200,16.3400,16588640,271452319.0000,0.144175,-0.122402
2018-07-09,16.4000,16.4800,16.2500,16.3100,16.3200,11391081,186275017.0000,0.099002,-0.061276
2018-07-10,16.3000,16.3700,16.0800,16.2900,16.3100,12604767,204528214.0000,0.109550,-0.122615
2018-07-11,16.1500,16.2000,16.0000,16.1200,16.2900,8743238,140680098.0000,0.075989,-1.043585
2018-07-12,16.0600,16.2600,16.0600,16.1300,16.1200,13233751,213880151.0000,0.115017,0.062024
2018-07-13,16.2000,16.2000,15.9800,16.0800,16.1300,12930195,207867759.0000,0.112378,-0.309977
2018-07-16,16.0500,16.1700,16.0100,16.1100,16.0800,9601699,154543375.0000,0.083450,0.186571
2018-07-17,16.0500,16.1500,15.9600,16.0300,16.1100,10864615,174351164.0000,0.094426,-0.496586
2018-07-18,16.1000,16.4500,16.0400,16.2900,16.0300,18237720,296659558.0000,0.158507,1.621960
2018-07-19,16.3800,16.6800,16.3300,16.6300,16.2900,17421915,288564868.0000,0.151417,2.087159
2018-07-20,16.5500,16.7700,16.5100,16.7300,16.6300,13680043,228001427.0000,0.118895,0.601325
2018-07-23,16.7000,16.8600,16.5500,16.7500,16.7300,12473401,208471139.0000,0.108408,0.119549
2018-07-24,16.7000,16.7700,16.4100,16.5400,16.7500,22969581,379823250.0000,0.199632,-1.253726
2018-07-25,16.5000,16.5500,16.2500,16.3400,16.5400,17328610,283551052.0000,0.150606,-1.209194
2018-07-26,16.4300,16.6200,16.3800,16.5600,16.3400,12653651,208766138.0000,0.109975,1.346385
2018-07-27,16.6100,16.6300,16.3900,16.4200,16.5600,8531894,140874134.0000,0.074152,-0.845407
2018-07-30,16.4200,16.8500,16.4200,16.8500,16.4200,20110052,336811241.0000,0.174780,2.618759
2018-07-31,16.8500,16.9600,16.7700,16.8400,16.8500,11329167,191284883.0000,0.098464,-0.059349
2018-08-01,16.9000,16.9200,16.7200,16.7800,16.8400,14045953,236372293.0000,0.122076,-0.356291
2018-08-02,16.7000,17.0200,16.4300,16.6200,16.7800,26616882,447145636.0000,0.231332,-0.953515
2018-08-03,16.6200,16.8800,16.5100,16.7700,16.6200,18884850,316497556.0000,0.164131,0.902525
2018-08-06,16.8500,16.8900,16.3800,16.4000,16.7700,21004088,350159375.0000,0.182550,-2.206326
2018-08-07,16.4600,16.6000,16.4000,16.5000,16.4000,15356045,253180957.0000,0.133462,0.609758
2018-08-08,16.5100,16.5900,16.2200,16.2300,16.5000,18196080,298975417.0000,0.158145,-1.636366
2018-08-09,16.2100,16.4800,16.1000,16.3800,16.2300,17543102,286918001.0000,0.152470,0.924212
2018-08-10,16.3500,16.5000,16.2900,16.3500,16.3800,8541905,140019573.0000,0.074239,-0.183143
2018-08-13,16.3500,16.4700,16.1300,16.4200,16.3500,15302707,248728231.0000,0.132998,0.428133
2018-08-14,16.4600,16.4600,16.1100,16.3100,16.4200,16001387,259941290.0000,0.139071,-0.669918
2018-08-15,16.2500,16.2900,16.1200,16.1300,16.3100,10138829,164217145.0000,0.088118,-1.103619
2018-08-16,16.0500,16.2500,15.9100,16.1100,16.1300,14220635,228743577.0000,0.123594,-0.123984
2018-08-17,16.1500,16.3100,16.0500,16.1300,16.1100,15388747,249268859.0000,0.133746,0.124137
2018-08-20,16.2100,16.6500,16.1500,16.6500,16.1300,25365991,417964186.0000,0.220460,3.223810
2018-08-21,16.6800,16.7000,16.4700,16.5700,16.6500,11132522,184426397.0000,0.096755,-0.480480
2018-08-22,16.5200,16.5300,16.2900,16.4000,16.5700,12827353,209956226.0000,0.111485,-1.025951
2018-08-23,16.3600,16.4200,16.2100,16.2500,16.4000,10440683,169931639.0000,0.090742,-0.914632
2018-08-24,16.2300,16.3000,16.0200,16.2100,16.2500,10825323,175000570.0000,0.094085,-0.246160
2018-08-27,16.1000,16.2800,16.1000,16.2100,16.2100,13180237,213609943.0000,0.114552,0.000000
2018-08-28,16.2300,16.3800,16.2100,16.2800,16.2100,10365643,168896920.0000,0.090089,0.431842
2018-08-29,16.2300,16.3300,16.0500,16.0900,16.2800,15200045,244833179.0000,0.132106,-1.167079
2018-08-30,16.1100,16.1800,16.0700,16.0700,16.0900,9434411,151901979.0000,0.081996,-0.124304
2018-08-31,16.0800,16.1200,15.8100,15.8200,16.0700,27842539,444199904.0000,0.241984,-1.555694
2018-09-03,15.8300,16.0800,15.8300,15.9600,15.8200,16557791,264757584.0000,0.143906,0.884958
2018-09-04,15.9900,16.1500,15.9400,16.1100,15.9600,10468112,167974314.0000,0.090980,0.939853
2018-09-05,16.0600,16.1100,15.8700,15.8900,16.1100,9913272,158161374.0000,0.086158,-1.365613
2018-09-06,15.8500,15.9300,15.8000,15.8200,15.8900,8224457,130306978.0000,0.071480,-0.440533
2018-09-07,15.8500,15.9000,15.6800,15.7000,15.8200,10437300,164590522.0000,0.090712,-0.758533
2018-09-10,15.7000,15.7400,15.4500,15.5900,15.7000,11306162,175815841.0000,0.098264,-0.700635
2018-09-11,15.5900,15.7400,15.4400,15.4700,15.5900,9429066,146772976.0000,0.081950,-0.769723
2018-09-12,15.4000,15.6800,15.3700,15.6700,15.4700,11861394,184166504.0000,0.103089,1.292824
2018-09-13,15.7100,15.8300,15.6300,15.7700,15.6700,10181885,160049422.0000,0.088492,0.638165
2018-09-14,15.8200,15.8200,15.6300,15.7100,15.7700,6424191,100930652.0000,0.055834,-0.380472
2018-09-17,15.6800,15.8100,15.6200,15.7200,15.7100,9655242,151915105.0000,0.083915,0.063655
2018-09-18,15.6500,15.8500,15.6500,15.8400,15.7200,10323679,163090846.0000,0.089725,0.763358
2018-09-19,15.8600,15.9400,15.7200,15.8600,15.8400,11153010,176865300.0000,0.096933,0.126259
2018-09-20,15.8600,15.9800,15.8400,15.9500,15.8600,7540565,120158919.0000,0.065536,0.567466
2018-09-21,15.9900,16.2300,15.9000,16.2300,15.9500,13475008,216520332.0000,0.117113,1.755484
2018-09-25,16.1600,16.2700,16.1200,16.2200,16.2300,7594611,123174160.0000,0.066006,-0.061616
2018-09-26,16.1800,16.3500,16.1200,16.1800,16.2200,13801604,224258847.0000,0.119952,-0.246603
2018-09-27,16.2800,16.4000,16.1500,16.3800,16.1800,13788516,225276793.0000,0.119838,1.236087
2018-09-28,16.4000,16.4500,16.3200,16.3800,16.3800,11178894,183234173.0000,0.097158,0.000000
2018-10-08,16.1100,16.2300,15.9400,16.0000,16.3800,19924787,319772037.0000,0.173170,-2.319897
2018-10-09,15.9000,16.0800,15.8200,15.8800,16.0000,14174097,226064485.0000,0.123189,-0.749999
2018-10-10,15.9000,15.9800,15.7300,15.8000,15.8800,12177940,192676009.0000,0.105840,-0.503778
2018-10-11,15.7000,15.8400,15.3200,15.3700,15.8000,34567993,538997948.0000,0.300436,-2.721521
2018-10-12,15.5300,15.6400,15.3300,15.3800,15.3700,24772953,383732489.0000,0.215306,0.065063
2018-10-15,15.4500,15.7300,15.4000,15.4000,15.3800,19155067,298471160.0000,0.166480,0.130036
2018-10-16,15.4500,15.5900,15.3000,15.5000,15.4000,18416867,284695371.0000,0.160064,0.649353
2018-10-17,15.5900,15.9500,15.5800,15.8100,15.5000,24817379,391139860.0000,0.215692,2.000003
2018-10-18,15.8500,15.8700,15.4500,15.5100,15.8100,15897190,248392475.0000,0.138165,-1.897534
2018-10-19,15.5000,15.9000,15.4000,15.8300,15.5100,26509976,415508551.0000,0.230402,2.063183
2018-10-22,15.8000,16.2100,15.8000,16.0700,15.8300,27311793,438992207.0000,0.237371,1.516107
2018-10-23,16.0000,16.0800,15.7400,15.7500,16.0700,20713355,327881112.0000,0.180023,-1.991286
2018-10-24,15.7700,15.9700,15.6300,15.7900,15.7500,11787101,186721511.0000,0.102444,0.253968
2018-10-25,15.6800,15.8700,15.5000,15.8100,15.7900,16632689,261113654.0000,0.144557,0.126665
2018-10-26,15.8000,16.0500,15.6800,16.0100,15.8100,23451736,372456335.0000,0.203823,1.265021
2018-10-29,16.1000,16.2100,15.5600,15.6000,16.0100,24931940,395145394.0000,0.216688,-2.560899
2018-10-30,15.7900,15.8000,15.5800,15.6200,15.6000,16218002,254510168.0000,0.140953,0.128202
2018-10-31,15.6500,15.7000,15.5300,15.6100,15.6200,18996778,296420223.0000,0.165104,-0.064022
2018-11-01,15.6900,15.7200,15.4000,15.5000,15.6100,31082110,483826741.0000,0.270140,-0.704674
2018-11-02,15.5600,15.6300,15.3500,15.6100,15.5000,51012560,789930295.0000,0.443358,0.709675
2018-11-05,15.5700,15.5700,15.3900,15.4200,15.6100,33873706,523917313.0000,0.294402,-1.217166
2018-11-06,15.4000,15.4000,14.9800,15.1100,15.4200,37053163,561398261.0000,0.322035,-2.010379
2018-11-07,15.1600,15.2100,15.0100,15.1200,15.1100,19483451,294252701.0000,0.169334,0.066183
2018-11-08,15.2200,15.2400,15.0500,15.1800,15.1200,15634281,236928599.0000,0.135880,0.396828
2018-11-09,15.1200,15.1900,14.5500,14.6500,15.1800,49490776,729926542.0000,0.430132,-3.491440
2018-11-12,14.5900,14.7300,14.4800,14.6200,14.6500,28279708,414082603.0000,0.245784,-0.204776
2018-11-13,14.5200,14.6500,14.4400,14.6000,14.6200,25346121,369207659.0000,0.220287,-0.136795
2018-11-14,14.6000,14.8300,14.3800,14.4300,14.6000,34958846,509140619.0000,0.303833,-1.164384
2018-11-15,14.4200,14.6000,14.4100,14.5900,14.4300,17338953,252115059.0000,0.150696,1.108800
2018-11-16,14.6300,14.6400,14.4600,14.6400,14.5900,19360790,282117640.0000,0.168268,0.342702
2018-11-19,14.6800,14.7400,14.6200,14.7000,14.6400,20091356,294930313.0000,0.174617,0.409832
2018-11-20,14.6500,14.6900,14.4500,14.4500,14.7000,15703118,227904363.0000,0.136478,-1.700680
2018-11-21,14.3800,14.5600,14.3500,14.5100,14.4500,9031341,130857740.0000,0.078493,0.415228
2018-11-22,14.5600,14.5700,14.4000,14.4400,14.5100,9419448,136193737.0000,0.081866,-0.482430
2018-11-23,14.4100,14.4500,14.1900,14.2500,14.4400,18387264,262902900.0000,0.159807,-1.315787
2018-11-26,14.3500,14.5100,14.2600,14.4700,14.2500,16556310,238626473.0000,0.143894,1.543862
2018-11-27,14.4700,14.6200,14.3900,14.4300,14.4700,18583646,269730279.0000,0.161513,-0.276434
2018-11-28,14.4900,14.5400,14.3100,14.4000,14.4300,12988095,186888112.0000,0.112882,-0.207905
2018-11-29,14.4400,14.4600,14.2400,14.2400,14.4000,17878700,256277666.0000,0.155387,-1.111110
2018-11-30,14.2400,14.6300,14.2300,14.3500,14.2400,23030093,332717057.0000,0.200158,0.772476
2018-12-03,14.6200,14.7500,14.5500,14.7000,14.3500,25580605,374818709.0000,0.222325,2.439020
2018-12-04,14.7000,14.7900,14.6400,14.7000,14.7000,10852845,159668772.0000,0.094324,0.000000
2018-12-05,14.6000,14.6900,14.5700,14.6100,14.7000,12933505,189097131.0000,0.112407,-0.612246
2018-12-06,14.5000,14.5700,14.1300,14.2200,14.6100,31660500,452073059.0000,0.275167,-2.669400
2018-12-07,14.2000,14.3600,14.2000,14.3500,14.2200,11095378,158591565.0000,0.096432,0.914206
2018-12-10,14.2100,14.3900,14.2100,14.3600,14.3500,16712498,239150532.0000,0.145251,0.069681
2018-12-11,14.3500,14.3700,14.2500,14.3100,14.3600,11499541,164326841.0000,0.099944,-0.348184
2018-12-12,14.4300,14.6800,14.4000,14.6600,14.3100,25401274,369862780.0000,0.220767,2.445838
2018-12-13,14.6600,15.1100,14.6200,14.9300,14.6600,28686275,428646260.0000,0.249317,1.841749
2018-12-14,14.9000,15.1600,14.8600,14.9600,14.9300,19656913,295515847.0000,0.170841,0.200936
2018-12-17,15.0700,15.1100,14.9100,15.0000,14.9600,16287930,244459857.0000,0.141561,0.267379
2018-12-18,14.9300,15.2500,14.9300,15.1100,15.0000,23803445,360365792.0000,0.206880,0.733331
2018-12-19,15.1400,15.4000,15.1100,15.3000,15.1100,22685532,347126806.0000,0.197164,1.257449
2018-12-20,15.2900,15.3700,14.9500,15.1700,15.3000,20802744,314880477.0000,0.180800,-0.849674
2018-12-21,15.1400,15.3800,15.0900,15.3800,15.1700,25192220,384631361.0000,0.218950,1.384311
2018-12-24,15.2100,15.3200,15.0100,15.1800,15.3800,16484357,249284991.0000,0.143268,-1.300389
2018-12-25,15.0700,15.3400,15.0700,15.3000,15.1800,12987994,197304914.0000,0.112881,0.790513
2018-12-26,15.2800,15.5700,15.2300,15.5200,15.3000,17352632,268463652.0000,0.150815,1.437910
2018-12-27,15.4500,15.7300,15.3700,15.5800,15.5200,21594328,336730360.0000,0.187680,0.386595
2018-12-28,15.6000,15.8800,15.5800,15.8800,15.5800,25395639,400293317.0000,0.220718,1.925547
2019-01-02,15.7900,15.8000,15.1200,15.4200,15.8800,30533408,467205842.0000,0.265371,-2.896726
2019-01-03,15.2900,15.5700,15.2700,15.5700,15.4200,15828971,244273877.0000,0.137572,0.972760
2019-01-04,15.5500,15.5500,15.1600,15.3200,15.5700,24112734,369454172.0000,0.209568,-1.605652
2019-01-07,15.3900,15.4300,15.1600,15.2400,15.3200,19511427,297628905.0000,0.169577,-0.522193
2019-01-08,15.2000,15.6100,15.2000,15.5600,15.2400,20029889,308659635.0000,0.174083,2.099742
2019-01-09,15.6500,15.7400,15.4700,15.4800,15.5600,12544216,195552061.0000,0.109024,-0.514144
2019-01-10,15.4200,15.5400,15.2400,15.3300,15.4800,13879226,212924463.0000,0.120627,-0.968990
2019-01-11,15.3300,15.4200,15.2200,15.3900,15.3300,9200273,140977726.0000,0.079961,0.391392
2019-01-14,15.3500,15.4200,15.1900,15.2700,15.3900,11661736,178286132.0000,0.101354,-0.779726
2019-01-15,15.2800,15.4000,15.2200,15.4000,15.2700,6405914,98265575.0000,0.055675,0.851337
2019-01-16,15.4100,15.5700,15.3300,15.5200,15.4000,10255328,158459847.0000,0.089131,0.779226
2019-01-17,15.5600,15.5600,15.3900,15.4500,15.5200,8250736,127573975.0000,0.071708,-0.451035
2019-01-18,15.5600,15.7900,15.5000,15.7500,15.4500,17360519,272067831.0000,0.150883,1.941749
2019-01-21,15.7000,15.8300,15.7000,15.8200,15.7500,8692363,137083604.0000,0.075547,0.444443
2019-01-22,15.8500,15.8900,15.7500,15.8100,15.8200,10203280,161487060.0000,0.088678,-0.063207
2019-01-23,15.8000,15.9700,15.7800,15.9600,15.8100,9663368,153527848.0000,0.083986,0.948764
2019-01-24,15.9700,16.0300,15.8200,15.9500,15.9600,11391825,181776697.0000,0.099008,-0.062658
2019-01-25,16.0000,16.0600,15.9000,15.9100,15.9500,8404866,134117614.0000,0.073048,-0.250783
2019-01-28,15.9600,16.0700,15.7900,15.9100,15.9100,15770246,250587338.0000,0.137062,0.000000
2019-01-29,15.8700,16.2900,15.8400,16.2000,15.9100,16177610,260628835.0000,0.140602,1.822759
2019-01-30,16.2900,16.2900,16.0800,16.1900,16.2000,9277458,150189614.0000,0.080632,-0.061730
2019-01-31,16.3200,16.4300,16.2200,16.4300,16.1900,15735763,257298355.0000,0.136762,1.482395
2019-02-01,16.4700,16.5000,16.3000,16.3500,16.4300,9404449,154028101.0000,0.081736,-0.486914
2019-02-11,16.2100,16.4200,16.2100,16.3100,16.3500,13485206,220536175.0000,0.117202,-0.244654
2019-02-12,16.3500,16.3900,16.1800,16.3400,16.3100,18864692,307305554.0000,0.163956,0.183940
2019-02-13,16.3600,16.4400,16.1600,16.3900,16.3400,24561986,399693159.0000,0.213472,0.305993
2019-02-14,16.3300,16.4200,16.2600,16.3200,16.3900,16330470,266766677.0000,0.141931,-0.427088
2019-02-15,16.3100,16.3700,16.2300,16.3000,16.3200,12293507,200272303.0000,0.106845,-0.122552
2019-02-18,16.3700,16.3800,16.1900,16.3400,16.3000,28236985,459580193.0000,0.245412,0.245404
2019-02-19,16.3000,16.3200,16.1600,16.2500,16.3400,26642173,432019302.0000,0.231551,-0.550797
2019-02-20,16.2700,16.2700,16.1500,16.2400,16.2500,11226119,182015214.0000,0.097568,-0.061540
2019-02-21,16.2300,16.3000,16.0700,16.1000,16.2400,17472576,283047934.0000,0.151857,-0.862065
2019-02-22,16.1000,16.2000,15.9500,16.2000,16.1000,15926929,256473489.0000,0.138424,0.621120
2019-02-25,16.1900,16.3800,16.0600,16.3800,16.2000,48614667,787591824.0000,0.422518,1.111101
2019-02-26,16.3000,16.5000,16.2600,16.2800,16.3800,33460430,548282201.0000,0.290810,-0.610491
2019-02-27,16.3100,16.3800,16.1800,16.2200,16.2800,26350880,428213047.0000,0.229020,-0.368559
2019-02-28,16.2200,16.3000,16.1400,16.3000,16.2200,19789796,321039157.0000,0.171996,0.493218
2019-03-01,16.3000,16.3200,16.1100,16.2700,16.3000,20418173,331215875.0000,0.177458,-0.184042
2019-03-04,16.2600,16.3800,16.1900,16.2600,16.2700,43383698,706018079.0000,0.377055,-0.061464
2019-03-05,16.2700,16.3800,16.2400,16.3000,16.2600,30866581,503632487.0000,0.268266,0.245996
2019-03-06,16.3000,16.9800,16.2500,16.8600,16.3000,47203702,785521111.0000,0.410255,3.435591
2019-03-07,16.8800,16.9200,16.5200,16.6900,16.8600,31972476,533707647.0000,0.277878,-1.008304
2019-03-08,16.6000,16.7400,16.4200,16.6600,16.6900,30344853,503176832.0000,0.263732,-0.179753
2019-03-11,16.5700,16.6500,16.3600,16.4700,16.6600,27332997,450196184.0000,0.237556,-1.140459
2019-03-12,16.4500,16.6300,16.2800,16.3500,16.4700,37772272,620838287.0000,0.328285,-0.728591
2019-03-13,16.3100,16.3500,16.0000,16.0400,16.3500,39643313,640474482.0000,0.344546,-1.896021
2019-03-14,16.0400,16.3300,15.9900,16.2900,16.0400,24527374,397118616.0000,0.213171,1.558603
2019-03-15,16.2200,16.4000,16.1700,16.2800,16.2900,17648323,287610172.0000,0.153384,-0.061389
2019-03-18,16.2900,16.8400,16.2900,16.7500,16.2800,30143359,500900212.0000,0.261981,2.886974
2019-03-19,16.7300,17.1300,16.7000,16.9400,16.7500,22721190,383759973.0000,0.197474,1.134331
2019-03-20,16.8500,16.9400,16.7400,16.8400,16.9400,16861320,284153902.0000,0.146544,-0.590321
2019-03-21,16.9000,17.0100,16.7800,16.8400,16.8400,19103811,322787957.0000,0.166034,0.000000
2019-03-22,16.8500,17.1200,16.8100,17.1200,16.8400,20561236,349953457.0000,0.178701,1.662712
2019-03-25,17.0200,17.2000,16.8200,16.9200,17.1200,21917057,372682902.0000,0.190485,-1.168229
2019-03-26,17.0000,17.1000,16.9000,17.0500,16.9200,17911860,304696772.0000,0.155675,0.768316
2019-03-27,17.0300,17.0900,16.7200,16.7600,17.0500,15194420,256635455.0000,0.132057,-1.700874
2019-03-28,16.7200,17.0800,16.5500,16.9400,16.7600,18805022,316265755.0000,0.163437,1.073987
2019-03-29,16.9100,16.9300,16.6800,16.8700,16.9400,31274495,526663210.0000,0.271812,-0.413221
2019-04-01,16.9500,17.1400,16.8200,16.9000,16.8700,35969525,607940512.0000,0.312617,0.177823
2019-04-02,16.9200,16.9300,16.7800,16.9200,16.9000,22613440,381196528.0000,0.196537,0.118346
2019-04-03,16.8500,16.9300,16.7600,16.8900,16.9200,21899589,368722392.0000,0.190333,-0.177309
2019-04-04,16.8600,16.8800,16.7400,16.8000,16.8900,22019954,370158927.0000,0.191379,-0.532861
2019-04-08,16.8000,16.8500,16.5000,16.5500,16.8000,39491401,657521940.0000,0.343226,-1.488095
2019-04-09,16.5500,16.6500,16.4300,16.5300,16.5500,28080537,465342971.0000,0.244052,-0.120837
2019-04-10,16.5500,16.7000,16.4400,16.5800,16.5300,25684784,424588020.0000,0.223231,0.302476
2019-04-11,16.6000,16.7800,16.5900,16.7500,16.5800,25323329,423328968.0000,0.220089,1.025332
2019-04-12,16.7500,16.9200,16.7100,16.8800,16.7500,23002261,387662337.0000,0.199916,0.776114
2019-04-15,16.9800,16.9800,16.6000,16.6100,16.8800,30630056,513300979.0000,0.200906,-1.599518
2019-04-16,16.6100,16.8000,16.5200,16.7800,16.6100,20805618,346970325.0000,0.136467,1.023480
2019-04-17,16.8000,16.8600,16.7400,16.7800,16.7800,16976458,285213592.0000,0.111351,0.000000
2019-04-18,16.7800,16.8300,16.6500,16.6800,16.7800,13141512,219550669.0000,0.086197,-0.595950
2019-04-19,16.7200,16.7900,16.6400,16.7700,16.6800,10258860,171711992.0000,0.067289,0.539569
2019-04-22,16.7700,16.8400,16.6700,16.6800,16.7700,18093390,303382345.0000,0.118677,-0.536674
2019-04-23,16.7700,16.8300,16.7000,16.7800,16.6800,15355483,257558390.0000,0.069798,0.599523
2019-04-24,16.8500,16.8800,16.7400,16.8400,16.7800,14257661,239570178.0000,0.064808,0.357565
2019-04-25,16.8400,16.8600,16.7100,16.7500,16.8400,16611969,278654945.0000,0.075509,-0.534443
2019-04-26,16.7000,16.8300,16.5400,16.5600,16.7500,17896455,299265895.0000,0.081348,-1.134331
2019-04-29,16.6300,16.8800,16.5700,16.7800,16.5600,16867787,283231777.0000,0.076672,1.328510
2019-04-30,16.6800,16.8800,16.6500,16.8700,16.7800,16592113,278886432.0000,0.075419,0.536354
2019-05-06,16.7000,16.9100,16.5800,16.9100,16.8700,32177273,537979166.0000,0.146260,0.237101
2019-05-07,16.8600,17.0200,16.7300,16.8400,16.9100,19077409,321784455.0000,0.086715,-0.413954
2019-05-08,16.7900,16.8500,16.4800,16.5200,16.8400,25547131,423555746.0000,0.116123,-1.900236
2019-05-09,16.4500,16.5700,16.3700,16.4000,16.5200,16056293,264161852.0000,0.072983,-0.726397
2019-05-10,16.4000,16.5700,16.3700,16.5300,16.4000,14300192,235687849.0000,0.065001,0.792689
2019-05-13,16.4900,16.5800,16.4100,16.5000,16.5300,9005451,148523174.0000,0.040934,-0.181492
2019-05-14,16.3800,16.5700,16.3100,16.4000,16.5000,30482706,500629790.0000,0.138558,-0.606063
2019-05-15,16.3800,16.4400,16.3300,16.4100,16.4000,21012872,344292286.0000,0.095513,0.060977
2019-05-16,16.3800,16.6200,16.3400,16.6100,16.4100,20430370,336296008.0000,0.092865,1.218774
2019-05-17,16.6000,16.6500,16.5100,16.5600,16.6100,12953315,214686119.0000,0.058879,-0.301030
2019-05-20,16.5900,16.8500,16.3800,16.5100,16.5600,23675346,392514786.0000,0.107615,-0.301928
2019-05-21,16.4900,16.7700,16.4100,16.6900,16.5100,13114074,218503546.0000,0.059609,1.090250
2019-05-22,16.7000,16.9500,16.6000,16.8800,16.6900,19302724,324524452.0000,0.087740,1.138398
2019-05-23,16.8200,16.9900,16.8000,16.9000,16.8800,19012531,321776647.0000,0.086421,0.118486
2019-05-24,16.9900,17.0900,16.9100,17.0000,16.9000,18311994,311874538.0000,0.083236,0.591718
2019-05-27,17.0000,17.1800,16.8500,16.9500,17.0000,18530193,314675862.0000,0.084228,-0.294113
2019-05-28,16.9500,17.2800,16.8700,17.2100,16.9500,49748842,850893777.0000,0.226131,1.533913
2019-05-29,17.0400,17.3300,16.9600,17.2200,17.2100,20968527,360926413.0000,0.095311,0.058107
2019-05-30,17.2900,17.7200,17.2100,17.7200,17.2200,33460576,586537845.0000,0.152094,2.903601
2019-05-31,17.7500,17.8700,17.5900,17.7100,17.7200,21923281,388667751.0000,0.099651,-0.056435
2019-06-03,17.7100,17.8600,17.5100,17.6600,17.7100,21303021,376871754.0000,0.096832,-0.282322
2019-06-04,17.7000,17.7300,17.4800,17.6000,17.6600,20099718,353405301.0000,0.091362,-0.339748
2019-06-05,17.7100,17.7300,17.5100,17.5300,17.6000,12065394,212548294.0000,0.054843,-0.397726
2019-06-06,17.6000,17.7000,17.5100,17.5200,17.5300,15260080,268388938.0000,0.069364,-0.057046
2019-06-10,17.6500,18.3000,17.5900,17.9500,17.5200,22887704,411294141.0000,0.104035,2.454340
2019-06-11,18.0100,18.1800,17.9300,18.0000,17.9500,21706223,391180292.0000,0.098665,0.278547
2019-06-12,18.0000,18.0000,17.7700,17.9100,18.0000,14615128,261277487.0000,0.066432,-0.500001
2019-06-13,17.9100,17.9200,17.6300,17.6700,17.9100,19802704,350988901.0000,0.090012,-1.340032
2019-06-14,17.7300,17.7700,17.3600,17.5000,17.6700,26880550,470686048.0000,0.122184,-0.962083
2019-06-17,17.5300,17.6800,17.4600,17.5900,17.5000,15626527,274457172.0000,0.071030,0.514287
2019-06-18,17.6600,17.7200,17.5600,17.6900,17.5900,10900026,192404052.0000,0.049546,0.568507
2019-06-19,17.8600,17.8900,17.6800,17.7800,17.6900,16158374,287404280.0000,0.073447,0.508763
2019-06-20,17.7900,18.1000,17.7200,17.9800,17.7800,21113068,378343765.0000,0.095968,1.124853
2019-06-21,18.0000,18.0200,17.6200,17.6300,17.9800,26658994,473358303.0000,0.121177,-1.946609
2019-06-24,17.6300,17.7200,17.5200,17.5800,17.6300,20474990,359984986.0000,0.093068,-0.283603
2019-06-25,17.6100,17.7400,17.5300,17.6500,17.5800,23501428,414958926.0000,0.106825,0.398178
2019-06-26,17.6400,17.8600,17.6000,17.8300,17.6500,15755042,279850572.0000,0.071614,1.019832
2019-06-27,17.8600,17.9000,17.7400,17.8100,17.8300,16488781,293645120.0000,0.074949,-0.112173
2019-06-28,17.8100,17.9900,17.7000,17.9000,17.8100,12315569,219654533.0000,0.055980,0.505335
2019-07-01,17.9900,18.0000,17.7700,17.8100,17.9000,28004889,500215062.0000,0.127295,-0.502794
2019-07-02,17.8100,17.8900,17.7500,17.8400,17.8100,28454641,507416983.0000,0.129339,0.168449
2019-07-03,17.8400,18.3400,17.7700,18.2600,17.8400,31755520,573066862.0000,0.144343,2.354260
2019-07-04,18.2400,18.4000,18.1500,18.2800,18.2600,17737335,324469813.0000,0.080624,0.109532
2019-07-05,18.3200,18.4000,18.1600,18.3700,18.2800,14742754,269741758.0000,0.067013,0.492342
2019-07-08,18.2500,18.3300,17.8300,18.1100,18.3700,22971903,414266530.0000,0.104418,-1.415352
2019-07-09,18.1500,18.1600,17.8000,17.8400,18.1100,15850150,283303385.0000,0.072046,-1.490891
2019-07-10,17.9000,18.0200,17.7600,18.0000,17.8400,11823531,211659152.0000,0.053743,0.896860
2019-07-11,18.0900,18.2700,18.0200,18.2500,18.0000,16203751,294585203.0000,0.073653,1.388889
2019-07-12,18.2300,18.3300,18.1200,18.2100,18.2500,15276077,278873407.0000,0.069437,-0.219183
2019-07-15,18.2700,18.3300,17.9000,18.1900,18.2100,16257687,294518039.0000,0.073899,-0.109822
2019-07-16,18.2300,18.3300,18.0300,18.1100,18.1900,12779412,232310573.0000,0.058088,-0.439802
2019-07-17,18.1600,18.1800,18.0000,18.0900,18.1100,15412599,278652731.0000,0.070057,-0.110439
2019-07-18,17.4800,17.9400,17.3100,17.7200,17.4100,30017980,530226944.0000,0.136445,1.780583
2019-07-19,17.7500,17.9600,17.7200,17.9600,17.7200,17798660,318626306.0000,0.080903,1.354401
2019-07-22,18.0000,18.2000,17.8600,18.1900,17.9600,23515194,425122274.0000,0.106887,1.280632
2019-07-23,18.1500,18.3000,18.0100,18.2000,18.1900,13451810,244445672.0000,0.061145,0.054977
2019-07-24,18.2700,18.2900,18.1200,18.1800,18.2000,11687531,212377503.0000,0.053125,-0.109893
2019-07-25,18.0000,18.2300,17.9500,18.2200,18.1800,12691292,229501135.0000,0.057688,0.220017
2019-07-26,18.1200,18.5600,18.1200,18.5000,18.2200,17987101,330918277.0000,0.081800,1.536800
2019-07-29,18.5300,18.9500,18.5300,18.8000,18.5000,21169836,398369135.0000,0.096227,1.621618
2019-07-30,18.8000,18.9600,18.7200,18.7400,18.8000,11654533,219135220.0000,0.053000,-0.319100
2019-07-31,18.6500,18.7400,18.6000,18.7200,18.7400,14279706,266344947.0000,0.064900,-0.106700
2019-08-01,18.6100,18.9200,18.6000,18.7600,18.7200,14884713,279651304.0000,0.067700,0.213700
2019-08-02,18.6100,18.8600,18.3600,18.7900,18.7600,15471504,287308154.0000,0.070300,0.159900
2019-08-05,18.5900,18.7000,18.2000,18.2500,18.7900,25033886,460004786.0000,0.113800,-2.873900
2019-08-06,18.0100,18.5700,17.9000,18.3400,18.2500,22711299,415571715.0000,0.103200,0.493200
2019-08-07,18.3700,18.6200,18.2800,18.3300,18.3400,16291897,300424751.0000,0.074100,-0.054500
2019-08-08,18.4800,19.0200,18.3800,18.9200,18.3300,25626887,481335819.0000,0.116500,3.218800
2019-08-09,18.8700,18.9400,18.6900,18.8600,18.9200,15484426,291365605.0000,0.070400,-0.317100
2019-08-12,18.7500,18.9000,18.6100,18.7700,18.8600,16703374,313381832.0000,0.075900,-0.477200
2019-08-13,18.7600,18.7600,18.5300,18.7300,18.7700,16077522,299854999.0000,0.073100,-0.213100
2019-08-14,18.7500,18.9300,18.6600,18.8200,18.7300,15742688,295640339.0000,0.071600,0.480500
2019-08-15,18.6800,18.8500,18.5900,18.8400,18.8200,16077085,301175503.0000,0.073100,0.106300
2019-08-16,18.8600,19.0500,18.7000,19.0500,18.8400,18919584,357366340.0000,0.086000,1.114600
2019-08-19,19.0700,19.6500,18.9400,19.5200,19.0500,26004110,505452593.0000,0.118200,2.467200
2019-08-20,19.4000,19.5800,18.8600,18.9000,19.5200,30603600,588258677.0000,0.139100,-3.176200
2019-08-21,18.9600,19.0800,18.7300,18.7700,18.9000,22781197,429329310.0000,0.103600,-0.687800
2019-08-22,18.9100,18.9100,18.5600,18.8000,18.7700,21503377,402648081.0000,0.097700,0.159800
2019-08-23,18.8000,18.9600,18.7000,18.9000,18.8000,24389792,460135231.0000,0.110900,0.531900
2019-08-26,18.8800,19.1100,18.6100,18.8500,18.9000,24266796,457080675.0000,0.110300,-0.264500
2019-08-27,18.9600,19.3800,18.8600,19.1800,18.8500,57422784,1099389049.0000,0.261000,1.750700
2019-08-28,19.2000,19.2200,18.9500,19.0400,19.1800,24580958,468477503.0000,0.111700,-0.729900
2019-08-29,19.0400,19.0800,18.6800,18.7800,19.0400,23133723,435082666.0000,0.105200,-1.365500
2019-08-30,18.8800,18.8900,18.5700,18.6200,18.7800,16410637,306692279.0000,0.074600,-0.852000
2019-09-02,18.5600,18.6600,18.3500,18.3800,18.6200,32398900,597756895.0000,0.147300,-1.288900
2019-09-03,18.3600,18.7300,18.3600,18.6400,18.3800,23359006,434009558.0000,0.106200,1.414600
2019-09-04,18.6800,18.7500,18.3300,18.5300,18.6400,23752174,438580679.0000,0.108000,-0.590100
2019-09-05,18.5000,18.6400,18.3500,18.4700,18.5300,35314284,652268740.0000,0.160500,-0.323800
2019-09-06,18.4900,18.6000,18.3800,18.6000,18.4700,17095253,316177147.0000,0.077700,0.703800
2019-09-09,18.6600,18.6600,18.4800,18.5400,18.6000,25970815,480933794.0000,0.118000,-0.322600
2019-09-10,18.5700,18.6700,18.4300,18.6600,18.5400,20560983,382195294.0000,0.093500,0.647200
2019-09-11,18.6700,18.6700,18.5200,18.6500,18.6600,21286760,395487407.0000,0.096800,-0.053600
2019-09-12,18.6600,18.8600,18.5800,18.8500,18.6500,23380537,438677034.0000,0.106300,1.072400
2019-09-16,18.8500,19.0300,18.7500,19.0000,18.8500,19622267,371537052.0000,0.089200,0.795800
2019-09-17,19.0000,19.0200,18.4500,18.5100,19.0000,27394812,512576413.0000,0.124500,-2.578900
2019-09-18,18.5400,18.8700,18.4800,18.7900,18.5100,15177420,284358079.0000,0.069000,1.512700
2019-09-19,18.7900,18.8400,18.5300,18.6500,18.7900,12668376,236500292.0000,0.057600,-0.745100
2019-09-20,18.7400,18.8700,18.5500,18.8700,18.6500,26269777,492421858.0000,0.119400,1.179600
2019-09-23,18.7900,18.8000,18.5600,18.7100,18.8700,13952932,259868996.0000,0.063400,-0.847900
2019-09-24,18.7000,19.0000,18.5900,18.9800,18.7100,22065123,415699890.0000,0.100300,1.443100
2019-09-25,18.9800,18.9800,18.4100,18.4400,18.9800,34868710,650058088.0000,0.158500,-2.845100
2019-09-26,18.5800,18.6400,18.3300,18.4200,18.4400,26200669,484456086.0000,0.119100,-0.108500
2019-09-27,18.4200,18.4800,18.0100,18.2000,18.4200,20640605,375022068.0000,0.093800,-1.194400
2019-09-30,18.1500,18.4200,18.1300,18.2300,18.2000,16455093,300596631.0000,0.074800,0.164800
2019-10-08,18.1900,18.6600,18.1500,18.5800,18.2300,25516090,471526081.0000,0.116000,1.919900
2019-10-09,18.5300,18.6200,18.4200,18.4700,18.5800,12411153,229565443.0000,0.056400,-0.592000
2019-10-10,18.4400,18.4400,18.1000,18.2400,18.4700,29766572,541520149.0000,0.135300,-1.245300
2019-10-11,18.2500,18.4400,18.1500,18.3700,18.2400,20313115,371588165.0000,0.092300,0.712700
2019-10-14,18.3900,18.4600,18.1600,18.2300,18.3700,34011727,621220692.0000,0.154600,-0.762100
2019-10-15,18.2500,18.2500,17.8800,17.9000,18.2300,37767170,680854490.0000,0.171700,-1.810200
2019-10-16,17.8900,18.0300,17.7000,17.8100,17.9000,21275365,379303706.0000,0.096700,-0.502800
2019-10-17,17.8400,17.9800,17.7500,17.8700,17.8100,13811511,246328356.0000,0.062800,0.336900
2019-10-18,17.8700,17.9300,17.5300,17.7300,17.8700,30118440,532561213.0000,0.136900,-0.783400
2019-10-21,17.6300,17.7300,17.4100,17.4200,17.7300,23943631,419725510.0000,0.108800,-1.748400
2019-10-22,17.5100,17.6300,17.2800,17.6200,17.4200,18831054,328521747.0000,0.085600,1.148100
2019-10-23,17.6000,17.7700,17.5800,17.7600,17.6200,16691394,295251906.0000,0.075900,0.794500
2019-10-24,17.7900,17.8900,17.6800,17.7600,17.7600,13319645,236902500.0000,0.060500,0.000000
2019-10-25,17.8000,17.8000,17.4800,17.7900,17.7600,19551103,344501104.0000,0.088900,0.168900
2019-10-28,17.7500,17.9400,17.6900,17.7300,17.7900,13653117,242803520.0000,0.062100,-0.337300
2019-10-29,17.7500,17.7500,17.4400,17.5000,17.7300,15384153,269746289.0000,0.069900,-1.297200
2019-10-30,17.5000,17.7200,17.4700,17.5900,17.5000,14412776,253750265.0000,0.065500,0.514300
2019-10-31,17.6600,17.8600,17.6000,17.8600,17.5900,17666332,313643507.0000,0.080300,1.535000
2019-11-01,17.8600,17.9200,17.7400,17.8800,17.8600,16187516,288682173.0000,0.073600,0.112000
2019-11-04,17.9400,18.0600,17.8900,18.0000,17.8800,14090988,253204193.0000,0.064000,0.671100
2019-11-05,18.0300,18.1700,17.9200,18.0800,18.0000,17251768,311461549.0000,0.078400,0.444400
2019-11-06,18.1300,18.1300,18.0200,18.0700,18.0800,10905112,197211309.0000,0.049600,-0.055300
2019-11-07,18.0200,18.0500,17.7600,17.8200,18.0700,15754624,281964923.0000,0.071600,-1.383500
2019-11-08,17.8800,18.0600,17.7900,18.0000,17.8200,17452345,313245912.0000,0.079300,1.010100
2019-11-11,17.9500,18.0700,17.8600,18.0000,18.0000,17068764,306954508.0000,0.077600,0.000000
2019-11-12,18.0300,18.1600,17.9700,18.0900,18.0000,12934751,233749951.0000,0.058800,0.500000
2019-11-13,18.0500,18.1200,17.9100,17.9900,18.0900,11572213,208251052.0000,0.052600,-0.552800
2019-11-14,18.0600,18.1000,17.8000,17.8100,17.9900,12913872,231249248.0000,0.058700,-1.000600
2019-11-15,17.8900,18.0800,17.7800,17.9500,17.8100,16776182,301585051.0000,0.076300,0.786100
2019-11-18,17.9500,18.1000,17.8500,18.0700,17.9500,10549931,189810612.0000,0.048000,0.668500
2019-11-19,18.0200,18.1600,18.0000,18.0700,18.0700,11089475,200623176.0000,0.050400,0.000000
2019-11-20,18.0400,18.2400,18.0200,18.1200,18.0700,15125775,274635743.0000,0.068800,0.276700
2019-11-21,18.0700,18.1700,17.9600,18.0000,18.1200,14043271,253360971.0000,0.063800,-0.662300
2019-11-22,17.9300,17.9900,17.8000,17.9000,18.0000,19060250,341092611.0000,0.086600,-0.555600
2019-11-25,17.9100,18.1900,17.8800,18.1500,17.9000,16863823,305094430.0000,0.076700,1.396600
2019-11-26,18.2000,18.3800,18.0000,18.3700,18.1500,51867690,947044135.0000,0.235800,1.212100
2019-11-27,18.2200,18.2200,18.0100,18.0900,18.3700,16784828,303707064.0000,0.076300,-1.524200
2019-11-28,18.0700,18.1400,18.0300,18.1200,18.0900,9960861,180270258.0000,0.045300,0.165800
2019-11-29,18.0700,18.1500,17.9400,18.1300,18.1200,12602173,227597693.0000,0.057300,0.055200
2019-12-02,18.0100,18.1700,17.8900,17.9400,18.1300,16158711,290947023.0000,0.073400,-1.048000
2019-12-03,17.9800,18.0000,17.9100,17.9500,17.9400,9856954,176988917.0000,0.044800,0.055700
2019-12-04,18.0400,18.0400,17.8300,17.9400,17.9500,10437335,186975221.0000,0.047400,-0.055700
2019-12-05,17.9300,17.9700,17.8000,17.8300,17.9400,17320889,309309062.0000,0.078700,-0.613200
2019-12-06,17.9000,17.9100,17.6600,17.8300,17.8300,19479464,346023129.0000,0.088500,0.000000
2019-12-09,17.8400,17.9400,17.7300,17.9200,17.8300,12312428,219363200.0000,0.056000,0.504800
2019-12-10,17.8900,17.9500,17.8000,17.8400,17.9200,12162051,217303723.0000,0.055300,-0.446400
2019-12-11,17.9000,18.0100,17.8300,18.0100,17.8400,15480393,277346274.0000,0.070400,0.952900
2019-12-12,18.0700,18.4500,18.0300,18.4200,18.0100,27769360,507616453.0000,0.126200,2.276500
2019-12-13,18.4800,18.8000,18.3700,18.5100,18.4200,44525015,829152798.0000,0.202400,0.488600
2019-12-16,18.5400,18.9100,18.5200,18.8300,18.5100,28193096,529936912.0000,0.128200,1.728800
2019-12-17,18.8200,18.8900,18.6800,18.7700,18.8300,18947370,355427239.0000,0.086100,-0.318600
2019-12-18,18.8000,18.8000,18.3200,18.4000,18.7700,26588192,491693502.0000,0.120900,-1.971200
2019-12-19,18.4000,18.5200,18.2900,18.4100,18.4000,15406554,283419137.0000,0.070000,0.054300
2019-12-20,18.3300,18.4400,18.2400,18.2900,18.4100,15737711,288201499.0000,0.071500,-0.651800
2019-12-23,18.3700,18.3900,18.1200,18.2600,18.2900,12523204,228509035.0000,0.056900,-0.164000
2019-12-24,18.2500,18.2500,18.1200,18.2000,18.2600,9272917,168507961.0000,0.042100,-0.328600
2019-12-25,18.2200,18.2200,18.0200,18.0800,18.2000,11489882,207869408.0000,0.052200,-0.659300
2019-12-26,17.9100,18.2200,17.9100,18.1800,18.0800,13508398,244553752.0000,0.061400,0.553100
2019-12-27,18.1200,18.2100,18.1000,18.1900,18.1800,15405803,279724403.0000,0.070000,0.055000
2019-12-30,18.1500,18.4600,18.1100,18.3700,18.1900,19115762,349515295.0000,0.086900,0.989600
2019-12-31,18.4000,18.4200,18.2600,18.3800,18.3700,12076986,221271513.0000,0.054900,0.054400
2020-01-02,18.4600,18.6000,18.3900,18.4700,18.3800,19128492,353770322.0000,0.086900,0.489700
2020-01-03,18.5000,18.6500,18.4500,18.5700,18.4700,15438377,286562117.0000,0.070200,0.541400
2020-01-06,18.5400,18.6100,18.0500,18.2000,18.5700,41550582,757921841.0000,0.188900,-1.992500
2020-01-07,18.2200,18.2600,18.1000,18.1900,18.2000,23210668,421457432.0000,0.105500,-0.054900
2020-01-08,18.0800,18.1700,17.9900,18.0500,18.1900,26440991,476879600.0000,0.120200,-0.769700
2020-01-09,18.1200,18.1300,17.9700,18.0900,18.0500,22783272,410739697.0000,0.103600,0.221600
2020-01-10,18.0700,18.1200,17.9800,18.0000,18.0900,21789472,392420935.0000,0.099000,-0.497500
2020-01-13,18.0400,18.1400,17.9900,18.0700,18.0000,22600048,407709430.0000,0.102700,0.388900
2020-01-14,18.1100,18.2100,18.0600,18.1800,18.0700,24428843,443161695.0000,0.111000,0.608700
2020-01-15,18.1400,18.2200,17.9800,18.0100,18.1800,21077296,380964670.0000,0.095800,-0.935100
2020-01-16,18.0200,18.0800,17.9500,18.0200,18.0100,14824270,266911505.0000,0.067400,0.055500
2020-01-17,17.9000,18.0100,17.6900,17.7400,18.0200,38758259,688835469.0000,0.176200,-1.553800
2020-01-20,17.7900,17.9400,17.6300,17.8700,17.7400,24809048,441190182.0000,0.112800,0.732800
2020-01-21,17.7600,17.8600,17.7100,17.7900,17.8700,16378934,291027072.0000,0.074400,-0.447700
2020-01-22,17.7800,17.7800,17.5100,17.6000,17.7900,23808493,419236233.0000,0.108200,-1.068000
2020-01-23,17.4900,17.5700,17.0900,17.1500,17.6000,35236838,611103970.0000,0.160200,-2.556800
2020-02-03,16.4000,17.1700,16.0100,17.1300,17.1500,71860611,1204779054.0000,0.326600,-0.116600
2020-02-04,16.9900,17.8000,16.8800,17.3100,17.1300,31544099,546552865.0000,0.143400,1.050800
2020-02-05,17.2600,17.4500,17.1500,17.3100,17.3100,23123122,399598997.0000,0.105100,0.000000
2020-02-06,17.4500,17.4500,17.2300,17.4400,17.3100,19288954,334597543.0000,0.087700,0.751000
2020-02-07,17.2000,17.9500,17.2000,17.8900,17.4400,23702762,417417116.0000,0.107700,2.580300
2020-02-10,17.6800,17.8300,17.5900,17.6300,17.8900,15774796,278841675.0000,0.071700,-1.453300
2020-02-11,17.6600,17.8300,17.5700,17.6000,17.6300,13079044,231213180.0000,0.059500,-0.170200
2020-02-12,17.5800,17.5900,17.3900,17.5800,17.6000,15671592,273942278.0000,0.071200,-0.113600
2020-02-13,17.5100,17.6400,17.4500,17.6000,17.5800,12350031,216722523.0000,0.056100,0.113800
2020-02-14,17.5200,17.6400,17.4600,17.6200,17.6000,9857564,173155130.0000,0.044800,0.113600
2020-02-17,17.6000,17.7100,17.5500,17.6900,17.6200,14494830,255799598.0000,0.065900,0.397300
2020-02-18,17.6200,17.6700,17.5100,17.5200,17.6900,12598724,221489390.0000,0.057300,-0.961000
2020-02-19,17.5100,17.5900,17.4600,17.5200,17.5200,13894298,243225363.0000,0.063200,0.000000
2020-02-20,17.5000,17.6600,17.4500,17.6200,17.5200,14517585,254753101.0000,0.066000,0.570800
2020-02-21,17.5600,17.6100,17.4500,17.5300,17.6200,18204342,318976991.0000,0.082700,-0.510800
2020-02-24,17.4900,17.5300,17.3800,17.4100,17.5300,17173530,299429208.0000,0.078100,-0.684500
2020-02-25,17.3400,17.4600,17.1800,17.1800,17.4100,19210566,331920840.0000,0.087300,-1.321100
2020-02-26,17.0500,17.1400,16.9900,17.0000,17.1800,32040301,546935808.0000,0.145600,-1.047700
2020-02-27,17.0100,17.2500,16.9500,17.2300,17.0000,18545172,318034810.0000,0.084300,1.352900
2020-02-28,17.0800,17.2400,16.9000,17.0300,17.2300,27402279,467105945.0000,0.124600,-1.160800
2020-03-02,17.0500,17.4100,17.0500,17.2600,17.0300,29042657,502793093.0000,0.132000,1.350600
2020-03-03,17.3200,17.6800,17.3200,17.5700,17.2600,23409959,410037190.0000,0.106400,1.796100
2020-03-04,17.6500,17.7500,17.5400,17.5900,17.5700,24047129,424131217.0000,0.109300,0.113800
2020-03-05,17.6400,17.7500,17.5800,17.7200,17.5900,26793047,473604140.0000,0.121800,0.739100
2020-03-06,17.6000,17.7200,17.4300,17.4800,17.7200,20378053,357191719.0000,0.092600,-1.354400
2020-03-09,17.2000,17.6200,17.0200,17.4500,17.4800,36880969,638503906.0000,0.167600,-0.171600
2020-03-10,17.2700,17.7600,17.2700,17.6400,17.4500,42178924,743701852.0000,0.191700,1.088800
2020-03-11,17.7600,17.7800,17.5200,17.5900,17.6400,17664235,311176861.0000,0.080300,-0.283400
2020-03-12,17.5100,17.5900,17.3100,17.4500,17.5900,24377800,425631021.0000,0.110800,-0.795900
2020-03-13,17.0600,17.3000,16.9600,17.0000,17.4500,46350510,790908999.0000,0.210700,-2.578800
2020-03-16,17.0700,17.1400,16.8800,16.9200,17.0000,32306636,549543352.0000,0.146800,-0.470600
2020-03-17,16.8600,17.2500,16.8600,16.9300,16.9200,35655016,608143555.0000,0.162100,0.059100
2020-03-18,16.8800,16.9900,16.7000,16.7200,16.9300,39957888,673846066.0000,0.181600,-1.240400
2020-03-19,16.6500,16.7800,16.1900,16.3600,16.7200,37504843,614925413.0000,0.170500,-2.153100
2020-03-20,16.5200,16.7100,16.3000,16.4900,16.3600,25714034,423399258.0000,0.116900,0.794600
2020-03-23,16.1700,16.6500,16.0600,16.5200,16.4900,23149127,381578652.0000,0.105200,0.181900
2020-03-24,16.6400,16.9900,16.6000,16.9100,16.5200,39793537,672333067.0000,0.180900,2.360800
2020-03-25,17.1000,17.1400,16.8400,17.0300,16.9100,25514128,433878663.0000,0.116000,0.709600
2020-03-26,16.8900,17.0100,16.7300,16.8300,17.0300,22871426,384597099.0000,0.104000,-1.174400
2020-03-27,16.9000,16.9700,16.7800,16.9100,16.8300,19258533,324981137.0000,0.087500,0.475300
2020-03-30,16.8600,17.1100,16.7900,17.1000,16.9100,21155104,359224814.0000,0.096200,1.123600
2020-03-31,17.1000,17.3700,17.0700,17.2900,17.1000,14925355,257923557.0000,0.067800,1.111100
2020-04-01,17.2900,17.3500,16.9600,17.0300,17.2900,15777981,269929010.0000,0.071700,-1.503800
2020-04-02,16.9600,17.3600,16.9600,17.2600,17.0300,10826519,186250121.0000,0.049200,1.350600
2020-04-03,17.2600,17.3300,17.1200,17.2200,17.2600,9093944,156552736.0000,0.041300,-0.231800
2020-04-07,17.4400,17.4400,17.2100,17.2500,17.2200,12646615,218913553.0000,0.057500,0.174200
2020-04-08,17.2500,17.2700,17.0200,17.2100,17.2500,13834081,237241639.0000,0.062900,-0.231900
2020-04-09,17.2100,17.2100,17.0200,17.0600,17.2100,7143370,122088484.0000,0.032500,-0.871600
2020-04-10,17.0600,17.1200,17.0000,17.0500,17.0600,12450939,212410655.0000,0.056600,-0.058600
2020-04-13,17.0100,17.1300,17.0100,17.1100,17.0500,7554491,128883315.0000,0.034300,0.351900
2020-04-14,17.1700,17.2700,17.0900,17.2300,17.1100,15833357,271919524.0000,0.072000,0.701300
2020-04-15,17.1800,17.3200,17.0400,17.0700,17.2300,10667206,182894055.0000,0.048500,-0.928600
2020-04-16,17.0200,17.2300,17.0200,17.1500,17.0700,10597496,181431738.0000,0.048200,0.468700
2020-04-17,17.1500,17.1800,17.0500,17.1200,17.1500,15844150,270879925.0000,0.072000,-0.174900
2020-04-20,17.1100,17.1400,17.0000,17.0000,17.1200,15790009,269024911.0000,0.071800,-0.700900
2020-04-21,16.9700,17.1000,16.9600,17.0900,17.0000,11237909,191375853.0000,0.051100,0.529400
2020-04-22,17.0800,17.2200,17.0200,17.2200,17.0900,12213824,209633271.0000,0.055500,0.760700
2020-04-23,17.2900,17.3800,17.1700,17.3000,17.2200,15129946,261579065.0000,0.068800,0.464600
2020-04-24,17.3000,17.5500,17.2700,17.5300,17.3000,13959846,243745234.0000,0.063500,1.329500
2020-04-27,17.5700,17.9400,17.5600,17.6100,17.5300,17453354,309629065.0000,0.079300,0.456400
2020-04-28,17.5900,17.8600,17.4600,17.7500,17.6100,14354178,253825987.0000,0.065200,0.795000
2020-04-29,17.7800,17.7900,17.3900,17.6100,17.7500,10922115,191651259.0000,0.049600,-0.788700
2020-04-30,17.5000,17.6500,17.3800,17.4500,17.6100,16404315,286979495.0000,0.074600,-0.908600
2020-05-06,17.3100,17.5000,17.1600,17.2400,17.4500,25305238,436425773.0000,0.115000,-1.203400
2020-05-07,17.1800,17.1800,17.0000,17.0300,17.2400,31859442,542687563.0000,0.144800,-1.218100
2020-05-08,17.1000,17.1700,17.0600,17.0900,17.0300,16272496,278424599.0000,0.074000,0.352300
2020-05-11,17.1200,17.2300,17.0500,17.1600,17.0900,19485934,334358057.0000,0.088600,0.409600
2020-05-12,17.2300,17.3500,17.1600,17.2200,17.1600,16408449,282727244.0000,0.074600,0.349600
2020-05-13,17.2100,17.2400,17.0900,17.1800,17.2200,14783972,254033784.0000,0.067200,-0.232300
2020-05-14,17.2600,17.2600,17.0700,17.1500,17.1800,13664117,234065427.0000,0.062100,-0.174600
2020-05-15,17.1500,17.1800,17.0800,17.1600,17.1500,14899432,255213495.0000,0.067700,0.058300
2020-05-18,17.1100,17.1300,16.9900,17.0400,17.1600,17083155,291436460.0000,0.077700,-0.699300
2020-05-19,17.1300,17.1300,17.0200,17.0200,17.0400,16911153,288305204.0000,0.076900,-0.117400
2020-05-20,17.0300,17.0600,16.9900,17.0400,17.0200,15499009,263716360.0000,0.070500,0.117500
2020-05-21,17.0700,17.0800,16.9600,17.0200,17.0400,17408396,296217843.0000,0.079100,-0.117400
2020-05-22,16.9800,17.0000,16.7700,16.7700,17.0200,20304126,342636197.0000,0.092300,-1.468900
2020-05-25,16.9300,17.0900,16.7000,17.0700,16.7700,16468327,279434556.0000,0.074900,1.788900
2020-05-26,17.1700,17.1800,16.9800,17.0600,17.0700,16366072,278841236.0000,0.074400,-0.058600
2020-05-27,17.0000,17.0600,16.9600,16.9800,17.0600,13344837,226861653.0000,0.060700,-0.468900
2020-05-28,17.1000,17.4500,17.0800,17.4500,16.9800,33264493,575707326.0000,0.151200,2.768000
2020-05-29,17.4500,17.4500,17.2200,17.3900,17.4500,27617430,478044940.0000,0.125500,-0.343800
2020-06-01,17.4300,17.9200,17.4000,17.8000,17.3900,35636033,631372191.0000,0.162000,2.357700
2020-06-02,17.7000,18.0000,17.6400,18.0000,17.8000,26802222,477731436.0000,0.121800,1.123600
2020-06-03,18.0600,18.2800,17.9500,18.1600,18.0000,23115908,419732585.0000,0.105100,0.888900
2020-06-04,18.1600,18.2200,17.8000,17.8000,18.1600,21446062,384633406.0000,0.097500,-1.982400
2020-06-05,17.8900,17.9500,17.6600,17.7500,17.8000,14609741,259506531.0000,0.066400,-0.280900
2020-06-08,17.8000,18.0500,17.5400,17.8900,17.7500,24252763,430814866.0000,0.110200,0.788700
2020-06-09,17.8500,18.0700,17.7700,18.0200,17.8900,14341134,257627180.0000,0.065200,0.726700
2020-06-10,18.0400,18.0400,17.7700,17.8700,18.0200,15471059,276804780.0000,0.070300,-0.832400
2020-06-11,17.8800,17.9300,17.6000,17.6000,17.8700,16938731,300095617.0000,0.077000,-1.510900
2020-06-12,17.2400,17.5800,17.2000,17.5300,17.6000,28964813,504748262.0000,0.131700,-0.397700
2020-06-15,17.3500,17.4400,17.2200,17.2300,17.5300,18774946,325104795.0000,0.085300,-1.711400
2020-06-16,17.3800,17.7100,17.3600,17.6400,17.2300,15780638,277195211.0000,0.071700,2.379600
2020-06-17,17.5900,18.1100,17.5200,17.9200,17.6400,24628444,440551375.0000,0.111900,1.587300
2020-06-18,17.9400,18.3000,17.9400,18.1900,17.9200,22714582,413255593.0000,0.103200,1.506700
2020-06-19,18.2600,18.4000,18.0800,18.1700,18.1900,26659884,485691320.0000,0.121200,-0.110000
2020-06-22,18.2400,18.3600,18.0000,18.2100,18.1700,17608368,320894920.0000,0.080000,0.220100
2020-06-23,18.0700,18.9000,17.8900,18.7500,18.2100,35929713,666761747.0000,0.163300,2.965400
2020-06-24,18.9000,19.4500,18.9000,19.0900,18.7500,31514677,605084501.0000,0.143200,1.813300
2020-06-29,19.0800,19.2800,18.9400,18.9800,19.0900,23172359,441421885.0000,0.105300,-0.576200
2020-06-30,19.0900,19.3100,18.8900,18.9400,18.9800,20943431,399355767.0000,0.095200,-0.210700
2020-07-01,19.0500,19.4500,18.9100,19.4500,18.9400,23263361,445764241.0000,0.105700,2.692700
2020-07-02,19.4200,19.4900,19.0600,19.1500,19.4500,37449143,719134679.0000,0.170200,-1.542400
2020-07-03,19.1500,19.3100,18.9100,19.0900,19.1500,30354461,578963247.0000,0.138000,-0.313300
2020-07-06,19.1500,19.5700,19.1300,19.3100,19.0900,45461251,882185709.0000,0.206600,1.152400
2020-07-07,19.4500,19.6800,19.3200,19.3200,19.3100,48896406,952891315.0000,0.222300,0.051800
2020-07-08,19.3400,19.5000,19.1500,19.1800,19.3200,34453713,664800508.0000,0.156600,-0.724600
2020-07-09,19.2000,19.2800,18.9100,19.0300,19.1800,37718983,717971670.0000,0.171400,-0.782100
2020-07-10,19.0300,19.3300,18.8800,18.8900,19.0300,35662426,680407526.0000,0.162100,-0.735700
2020-07-13,19.0000,19.3800,19.0000,19.1600,18.8900,38983454,747944786.0000,0.177200,1.429300
2020-07-14,19.1000,19.6500,19.1000,19.4100,19.1600,50222078,971444478.0000,0.228300,1.304800
2020-07-15,19.5000,19.9900,19.4300,19.9600,19.4100,49864886,988302452.0000,0.226700,2.833600
2020-07-16,19.9900,20.0000,19.1200,19.1300,19.9600,54179778,1051765083.0000,0.246300,-4.158300
2020-07-17,18.5100,18.7500,18.4200,18.6100,18.4500,30812474,572105278.0000,0.140100,0.867200
2020-07-20,18.6000,18.8000,18.4200,18.6400,18.6100,37164043,691938575.0000,0.168900,0.161200
2020-07-21,18.7000,18.9600,18.6000,18.6700,18.6400,31920722,596831281.3400,0.145100,0.160900
2020-07-22,18.6100,18.8800,18.4200,18.6700,18.6700,31740082,592736275.5400,0.144300,0.000000
2020-07-23,18.5300,18.7500,18.4800,18.6600,18.6700,22894996,425938355.8300,0.104100,-0.053600
2020-07-24,18.5900,18.6600,18.0200,18.2000,18.6600,35287281,646851761.5100,0.160400,-2.465200
2020-07-27,18.3100,18.5800,18.2200,18.5300,18.2000,22644097,416736492.9200,0.102900,1.813200
2020-07-28,18.6000,18.8400,18.5000,18.6600,18.5300,18751576,350020336.4500,0.085200,0.701600
2020-07-29,18.5600,18.6400,18.2500,18.5700,18.6600,17578816,325074356.6800,0.079900,-0.482300
2020-07-30,18.5700,18.7400,18.2500,18.3300,18.5700,23398314,430679285.8600,0.106400,-1.292400
2020-07-31,18.4500,18.6400,18.2300,18.3700,18.3300,22591310,416914965.0900,0.102700,0.218200
2020-08-03,18.3300,18.5700,18.2500,18.3300,18.3700,24453322,448836803.5100,0.111200,-0.217700
2020-08-04,18.4100,18.4200,18.2700,18.3500,18.3300,22932052,420886367.3200,0.104200,0.109100
2020-08-05,18.3500,18.4400,18.1100,18.1700,18.3500,16104170,293173671.7200,0.073200,-0.980900
2020-08-06,18.2000,18.2300,18.0500,18.0700,18.1700,17398451,314831970.2300,0.079100,-0.550400
2020-08-07,18.1400,18.1600,18.0000,18.0800,18.0700,16762567,302787762.4400,0.076200,0.055300
2020-08-10,18.1000,18.2300,17.9900,18.0600,18.0800,18684562,338262174.3500,0.084900,-0.110600
2020-08-11,18.1400,18.1600,17.9900,18.0700,18.0600,23022136,415690479.3700,0.104600,0.055400
2020-08-12,18.0100,18.0700,17.8100,18.0200,18.0700,23410031,420262528.3000,0.106400,-0.276700
2020-08-13,18.0300,18.1600,17.9300,18.0200,18.0200,20007179,360904965.5800,0.090900,0.000000
2020-08-14,18.1000,18.2200,18.0200,18.2100,18.0200,22803992,413543942.2600,0.103700,1.054400
2020-08-17,18.3100,18.4200,18.2800,18.3700,18.2100,25113577,461278764.0200,0.114200,0.878600
2020-08-18,18.3800,18.4200,18.2100,18.2400,18.3700,15758837,288878628.4500,0.071600,-0.707700
2020-08-19,18.2900,18.7600,18.1400,18.5300,18.2400,33466139,619323787.6500,0.152100,1.589900
2020-08-20,18.5100,18.9800,18.3300,18.9800,18.5300,51829187,972890406.2700,0.235600,2.428500
2020-08-21,19.1000,19.2200,18.8000,18.9900,18.9800,34279594,652690146.7900,0.155800,0.052700
2020-08-24,18.9900,19.1500,18.7000,18.9100,18.9900,23161144,436548497.6600,0.105300,-0.421300
2020-08-25,18.8500,18.9200,18.5200,18.5500,18.9100,23162001,432180804.7000,0.105300,-1.903800
2020-08-26,18.6900,18.8100,18.5600,18.7200,18.5500,22500603,420845207.1000,0.102300,0.916400
2020-08-27,18.8100,18.8100,18.5500,18.6700,18.7200,13996844,261271294.9900,0.063600,-0.267100
2020-08-28,18.7000,19.0300,18.5800,18.9900,18.6700,22526529,425637966.7500,0.102400,1.714000
2020-08-31,18.9500,19.5600,18.9100,19.3000,18.9900,33687575,652342038.2000,0.153100,1.632400
2020-09-01,19.3000,19.5500,19.1600,19.5300,19.3000,21978518,426370513.9500,0.099900,1.191700
2020-09-02,19.6000,19.7600,19.3000,19.6500,19.5300,27213336,533390900.8100,0.123700,0.614400
2020-09-03,19.7500,20.3600,19.7100,20.0200,19.6500,37817305,760179235.2700,0.171900,1.883000
2020-09-04,19.9000,20.2700,19.8100,20.0100,20.0200,22773356,455929403.1000,0.103500,-0.050000
2020-09-07,19.9900,20.5000,19.9200,20.0800,20.0100,35390961,716012970.5500,0.160900,0.349800
2020-09-08,20.2100,20.4500,20.0000,20.0000,20.0800,28269108,570167395.9500,0.128500,-0.398400
2020-09-09,19.9000,20.1900,19.7100,19.9900,20.0000,22893141,457725092.8100,0.104100,-0.050000
2020-09-10,19.9700,20.1900,19.7500,20.0700,19.9900,24355097,487020788.4300,0.110700,0.400200
2020-09-11,20.0000,20.4500,19.9600,20.3600,20.0700,29648233,600596379.3800,0.134800,1.444900
2020-09-14,20.4000,20.9800,20.2300,20.9000,20.3600,33140236,686414632.7900,0.150600,2.652300
2020-09-15,21.0000,21.0000,20.5100,20.5900,20.9000,26966260,556931726.4800,0.122600,-1.483300
2020-09-16,20.7000,20.7600,20.3800,20.6100,20.5900,20250734,416788148.4700,0.092000,0.097100
2020-09-17,20.6100,20.7500,20.3300,20.4200,20.6100,15724740,321494074.8200,0.071500,-0.921900
2020-09-18,20.6200,20.8200,20.4500,20.7100,20.4200,25885267,534018610.3900,0.117700,1.420200
2020-09-21,20.6100,20.7000,20.3100,20.3200,20.7100,20830388,425514719.1300,0.094700,-1.883100
2020-09-22,20.3200,20.5300,20.0300,20.0500,20.3200,26062193,528692853.6300,0.118500,-1.328700
2020-09-23,20.2100,20.2600,19.9900,20.0100,20.0500,26953488,541688370.5600,0.122500,-0.199500
2020-09-24,19.8400,19.8400,19.3300,19.4000,20.0100,54987007,1075237676.8600,0.249900,-3.048500
2020-09-25,19.5000,19.5000,18.6200,18.8600,19.4000,76887414,1450554876.1400,0.349500,-2.783500
2020-09-28,18.9000,19.2800,18.8200,19.0500,18.8600,56440782,1074571235.4400,0.256500,1.007400
2020-09-29,19.1900,19.2300,18.9200,19.0400,19.0500,37740519,719566388.6700,0.166300,-0.052500
2020-09-30,19.1100,19.1800,18.9000,19.1300,19.0400,27013654,514379005.2600,0.119100,0.472700
2020-10-09,19.1500,19.2300,18.9000,18.9600,19.1300,32284542,614777008.7700,0.142300,-0.888700
2020-10-12,18.8300,19.4000,18.8200,19.2500,18.9600,44437934,851015978.6900,0.195800,1.529500
2020-10-13,19.2500,19.4300,18.9800,19.3300,19.2500,17099831,328263736.2100,0.075400,0.415600
2020-10-14,19.3500,19.4000,19.0800,19.1200,19.3300,29041545,557534570.2100,0.128000,-1.086400
2020-10-15,19.0600,19.1600,18.8000,19.0300,19.1200,33201437,629756522.8400,0.146300,-0.470700
2020-10-16,19.0300,19.1400,18.9100,18.9100,19.0300,24393287,463339287.6100,0.107500,-0.630600
2020-10-19,18.9800,19.1100,18.8000,18.8200,18.9100,26737170,505899634.3000,0.117600,-0.475900
2020-10-20,18.8000,18.8900,18.7600,18.8400,18.8200,18628842,350820675.9400,0.081900,0.106300
2020-10-21,18.8200,19.0500,18.7000,19.0000,18.8400,24895246,470301792.9900,0.109500,0.849300
2020-10-22,19.0000,19.0700,18.8300,19.0000,19.0000,21483131,407163733.5500,0.094500,0.000000
2020-10-23,19.0000,19.0000,18.7300,18.7300,19.0000,16603901,312408996.6700,0.073000,-1.421100
2020-10-26,18.7100,19.0300,18.7000,18.9900,18.7300,15553629,293856698.1700,0.068400,1.388100
2020-10-27,18.9100,19.2000,18.8600,19.0900,18.9900,23753433,452210201.7300,0.104400,0.526600
2020-10-28,19.0900,19.2800,19.0600,19.1300,19.0900,24608450,471658496.8600,0.108200,0.209500
2020-10-29,18.9800,19.0900,18.8400,18.9000,19.1300,20243843,383600588.2900,0.089000,-1.202300
2020-10-30,18.9000,19.1600,18.9000,18.9600,18.9000,23855636,454238113.4700,0.104900,0.317500
2020-11-02,19.0400,19.8500,19.0400,19.7900,18.9600,56606293,1108540969.5000,0.248900,4.377600
2020-11-03,19.8900,20.1700,19.7200,20.0000,19.7900,35107845,701900832.1200,0.154400,1.061100
2020-11-04,19.9000,20.0500,19.7200,19.9500,20.0000,22494322,447328302.5400,0.098900,-0.250000
2020-11-05,20.0000,20.4900,19.9300,20.3500,19.9500,28630928,581040227.7200,0.125900,2.005000
2020-11-06,20.2900,20.4200,20.0600,20.3600,20.3500,20149454,407971531.4200,0.088600,0.049100
2020-11-09,20.2200,20.5500,20.1300,20.3600,20.3600,26274804,533947491.1700,0.115500,0.000000
2020-11-10,20.2500,20.6600,20.0500,20.2200,20.3600,32449595,656780726.4100,0.142700,-0.687600
2020-11-11,20.2200,20.7300,20.0400,20.5400,20.2200,32962102,676117884.3900,0.144900,1.582600
2020-11-12,20.6900,20.8300,20.4200,20.6100,20.5400,30257624,623226014.9400,0.133000,0.340800
2020-11-13,20.6200,20.6200,20.1600,20.3600,20.6100,26749588,543991357.9000,0.117600,-1.213000
2020-11-16,20.4600,20.4900,19.8800,19.9800,20.3600,34346706,689469703.2700,0.151000,-1.866400
2020-11-17,20.0000,20.0000,19.4800,19.5500,19.9800,39550723,777909462.0900,0.173900,-2.152200
2020-11-18,19.5500,19.9400,19.5000,19.7700,19.5500,33951140,671184931.5900,0.149300,1.125300
2020-11-19,19.8500,19.9600,19.6500,19.8400,19.7700,24802005,492611535.2200,0.109100,0.354100
2020-11-20,19.8800,19.8900,19.6100,19.8100,19.8400,26249519,518618064.8600,0.115400,-0.151200
2020-11-23,19.8800,19.9500,19.6100,19.9000,19.8100,26988980,535187356.4800,0.118700,0.454300
2020-11-24,19.8100,19.9200,19.6900,19.7100,19.9000,20574027,406720502.5900,0.090500,-0.954800
2020-11-25,19.7400,19.7800,19.4500,19.4600,19.7100,25165075,493225604.5000,0.110700,-1.268400
2020-11-26,19.5100,20.2500,19.4700,20.2300,19.4600,48835159,971436914.1600,0.214700,3.956800
2020-11-27,20.1500,20.3100,19.8700,20.3100,20.2300,28095563,565072794.7300,0.123500,0.395500
2020-11-30,20.2100,20.7000,20.0700,20.1100,20.3100,44332912,900066349.9100,0.194900,-0.984700
2020-12-01,20.1400,20.3900,20.0200,20.3000,20.1100,28801981,581562106.1200,0.126600,0.944800
2020-12-02,20.4700,20.4700,20.1500,20.2000,20.3000,22263373,451344078.5700,0.097900,-0.492600
2020-12-03,20.2000,20.2800,20.0600,20.2400,20.2000,16141358,325280050.1500,0.071000,0.198000
2020-12-04,20.2400,20.2800,19.9800,20.1200,20.2400,23919151,480614334.6400,0.105200,-0.592900
2020-12-07,20.0600,20.1100,19.7900,19.8000,20.1200,20664207,410200513.4500,0.090900,-1.590500
2020-12-08,19.8900,19.9000,19.7100,19.8300,19.8000,15628928,309984926.1400,0.068700,0.151500
2020-12-09,19.8400,20.1500,19.8200,20.0900,19.8300,21621771,433248874.1400,0.095100,1.311100
2020-12-10,19.9800,20.1000,19.8900,19.9500,20.0900,19335150,386019841.5800,0.085000,-0.696900
2020-12-11,20.0000,20.3000,19.6800,20.0100,19.9500,36804495,735592989.6300,0.161800,0.300800
2020-12-14,19.9700,20.0300,19.7700,19.7700,20.0100,25462431,505354302.9800,0.112000,-1.199400
2020-12-15,19.7000,19.8000,19.5100,19.5300,19.7700,27371849,536312202.8100,0.120400,-1.214000
2020-12-16,19.6000,19.8500,19.5500,19.7600,19.5300,23667993,466567262.2700,0.104100,1.177700
2020-12-17,19.8000,20.1000,19.6300,19.8200,19.7600,39596175,786764510.7500,0.174100,0.303600
2020-12-18,19.9100,20.0200,19.6700,19.7500,19.8200,33052905,655356423.3300,0.145300,-0.353200
2020-12-21,19.7700,19.8400,19.5200,19.5800,19.7500,38493686,755509637.9400,0.169300,-0.860800
2020-12-22,19.6000,19.6100,19.1300,19.1500,19.5800,39091915,756197774.1200,0.171900,-2.196100
2020-12-23,19.1900,19.2200,18.9000,19.0500,19.1500,34774279,661512019.5600,0.152900,-0.522200
2020-12-24,19.0900,19.1500,18.9100,18.9800,19.0500,19792380,375708930.6300,0.087000,-0.367500
2020-12-25,18.9200,19.4700,18.9200,19.3200,18.9800,26097835,503631326.1000,0.114800,1.791400
2020-12-28,19.4100,19.4800,19.0400,19.1300,19.3200,32232480,619374934.7300,0.141700,-0.983400
2020-12-29,19.2000,19.2400,18.9200,18.9800,19.1300,25488052,485212988.4300,0.112100,-0.784100
2020-12-30,18.9900,19.1800,18.9100,19.0300,18.9800,35889131,683185198.9100,0.157800,0.263400
2020-12-31,19.0800,19.2000,18.9200,19.1600,19.0300,32605128,622071239.9700,0.143400,0.683100
2021-01-04,19.1100,19.1300,18.8100,18.9000,19.1600,55780608,1055731664.0000,0.245300,-1.357000
2021-01-05,18.8500,18.9000,18.7100,18.8900,18.9000,48757746,914606872.6800,0.214400,-0.052900
2021-01-06,18.7800,19.2100,18.7300,19.2100,18.8900,52294118,993820923.5100,0.229900,1.694000
2021-01-07,19.3100,19.5700,19.0300,19.2300,19.2100,62097458,1194728669.7300,0.273100,0.104100
2021-01-08,19.3000,19.4500,19.1000,19.3400,19.2300,57476307,1106810220.0000,0.252700,0.572000
2021-01-11,19.3500,19.4200,19.0500,19.1000,19.3400,56735041,1090970655.6400,0.249500,-1.241000
2021-01-12,19.1000,19.1600,18.8300,19.1600,19.1000,48818342,926016751.3900,0.214700,0.314100
2021-01-13,19.1600,19.4500,18.9500,19.4200,19.1600,56515430,1089220875.6800,0.248500,1.357000
2021-01-14,19.3500,19.6100,19.1500,19.1800,19.4200,44384843,858276871.9500,0.195200,-1.235800
2021-01-15,19.1000,19.3200,19.0300,19.2000,19.1800,35074136,672641250.6900,0.154200,0.104300
2021-01-18,19.2000,19.2500,18.9800,19.1000,19.2000,39875611,761753611.4300,0.175300,-0.520800
2021-01-19,19.1500,19.4800,19.1200,19.4000,19.1000,49734502,960033769.0000,0.218700,1.570700
2021-01-20,19.3800,19.3800,19.0500,19.1000,19.4000,36650589,701133990.1500,0.161200,-1.546400
2021-01-21,19.0500,19.1900,19.0100,19.1300,19.1000,37561108,716129860.5600,0.165200,0.157100
2021-01-22,19.0500,19.0900,18.9000,18.9100,19.1300,28348939,536911777.4900,0.124700,-1.150000
2021-01-25,18.8900,19.0200,18.5000,18.9000,18.9100,46984145,879646788.4700,0.206600,-0.052900
2021-01-26,18.7700,19.0500,18.6800,18.9900,18.9000,34066460,643811561.4500,0.149800,0.476200
2021-01-27,19.0100,19.2400,18.9800,19.1600,18.9900,39582942,758079606.9000,0.174100,0.895200
2021-01-28,19.5500,20.2600,19.3600,20.0000,19.1600,109097282,2164578640.2700,0.479700,4.384100
2021-01-29,19.8000,20.1500,19.4000,19.6800,20.0000,70772821,1399077903.9200,0.311200,-1.600000
2021-02-01,19.8000,19.8000,19.3200,19.4300,19.6800,132064711,2579449452.7900,0.580700,-1.270300
2021-02-02,19.6800,19.7700,19.3100,19.5100,19.4300,134633414,2629777852.6800,0.592000,0.411700
2021-02-03,19.6000,19.7200,19.3300,19.4800,19.5100,92892049,1810742297.7400,0.408500,-0.153800
2021-02-04,19.3500,19.5800,19.3000,19.5200,19.4800,96214207,1873001385.0400,0.423100,0.205300
2021-02-05,19.5300,19.6600,19.3400,19.4300,19.5200,54269017,1056400601.3200,0.238600,-0.461100
2021-02-08,19.4600,20.0300,19.4300,19.5000,19.4300,76477062,1499130384.3000,0.336300,0.360300
2021-02-09,19.5300,19.6200,19.0300,19.2800,19.5000,68625730,1321462132.7800,0.301800,-1.128200
2021-02-10,19.2900,19.7900,19.2300,19.6900,19.2800,72887266,1428002523.3200,0.320500,2.126600
2021-02-18,19.8300,19.9500,19.5200,19.6300,19.6900,70000872,1376318408.3300,0.307800,-0.304700
2021-02-19,19.6500,20.1000,19.5800,19.9800,19.6300,90788463,1802875273.8000,0.399200,1.783000
2021-02-22,19.9600,19.9600,19.5000,19.5600,19.9800,84434854,1658999349.0500,0.371300,-2.102100
2021-02-23,19.6000,19.9100,19.5600,19.7300,19.5600,68130716,1347067305.2400,0.299600,0.869100
2021-02-24,19.8600,19.8700,19.5000,19.6100,19.7300,60547590,1190786921.1800,0.266200,-0.608200
2021-02-25,19.6600,19.9200,19.6000,19.8000,19.6100,65349837,1292211903.2800,0.287400,0.968900
2021-02-26,19.6500,19.9900,19.6100,19.7500,19.8000,68862551,1365331969.5800,0.302800,-0.252500
2021-03-01,19.8000,19.8300,19.5500,19.6700,19.7500,47855230,941857564.3000,0.210400,-0.405100
2021-03-02,19.7000,20.0800,19.6200,19.7500,19.6700,57678248,1142046336.8700,0.253600,0.406700
2021-03-03,19.7300,20.0500,19.6900,20.0300,19.7500,56249843,1119455966.7500,0.247300,1.417700
2021-03-04,19.9200,20.5800,19.9200,20.2700,20.0300,92043597,1858368671.3100,0.404700,1.198200
2021-03-05,20.1500,20.3200,19.7400,20.2000,20.2700,64137470,1287399214.0200,0.282000,-0.345300
2021-03-08,20.1300,20.5200,20.0300,20.2000,20.2000,78175468,1581226502.4000,0.343800,0.000000
2021-03-09,20.2900,21.0800,20.1000,20.2500,20.2000,126622763,2593858919.1400,0.556800,0.247500
2021-03-10,20.0100,20.2700,19.8100,19.9000,20.2500,89849617,1798799277.3800,0.395100,-1.728400
2021-03-11,19.9500,20.3500,19.9100,20.2000,19.9000,78544497,1585833255.6500,0.345400,1.507500
2021-03-12,20.2600,21.9700,20.2100,21.3200,20.2000,207504593,4388789599.8100,0.912400,5.544600
2021-03-15,21.3200,21.7200,20.7500,20.9400,21.3200,122706239,2601761557.4200,0.539600,-1.782400
2021-03-16,20.9400,21.1000,20.6600,20.9100,20.9400,76341021,1591292086.9500,0.335700,-0.143300
2021-03-17,20.9700,21.0000,20.3500,20.4200,20.9100,80167137,1646898536.9400,0.352500,-2.343400
2021-03-18,20.4100,20.6300,20.2300,20.4300,20.4200,70928273,1448606332.6700,0.311900,0.049000
2021-03-19,20.2700,20.6800,20.1600,20.4700,20.4300,67477930,1380768948.6200,0.296700,0.195800
2021-03-22,20.4600,21.3400,20.4500,21.2100,20.4700,101953321,2144527176.9600,0.448300,3.615000
2021-03-23,21.1500,21.4400,20.7900,20.9700,21.2100,88793104,1873830704.6400,0.390400,-1.131500
2021-03-24,20.9500,21.0300,20.5800,20.7800,20.9700,65449875,1359899581.4000,0.287800,-0.906100
2021-03-25,20.8000,21.0700,20.6400,21.0600,20.7800,50522985,1057457890.9400,0.222200,1.347400
2021-03-26,20.9000,21.1600,20.7600,20.8300,21.0600,61999526,1298506381.6900,0.272600,-1.092100
2021-03-29,20.7500,21.3500,20.7000,21.2600,20.8300,70832609,1499457974.9800,0.311500,2.064300
2021-03-30,21.2300,21.4700,21.0700,21.4400,21.2600,49654596,1058424549.4100,0.218300,0.846700
2021-03-31,21.4400,21.5000,21.2500,21.4400,21.4400,35827789,766359211.0200,0.157500,0.000000
2021-04-01,21.4100,21.7300,21.3300,21.6300,21.4400,30377733,654937001.5500,0.133600,0.886200
2021-04-02,21.6000,21.6000,21.0600,21.1200,21.6300,54592043,1157306786.2800,0.240100,-2.357800
2021-04-06,21.1200,21.2100,20.8400,20.9500,21.1200,41859407,877026055.1300,0.184100,-0.804900
2021-04-07,21.1100,21.1900,20.9500,21.1300,20.9500,38701526,816513652.9300,0.170200,0.859200
2021-04-08,21.0100,21.1000,20.7400,20.8600,21.1300,34768000,725466056.4900,0.152900,-1.277800
2021-04-09,20.8600,20.9900,20.7500,20.8500,20.8600,23521115,491286408.5300,0.103400,-0.047900
2021-04-12,20.8000,21.3500,20.7900,21.1900,20.8500,65645637,1390041467.4700,0.288700,1.630700
2021-04-13,21.1100,21.2400,20.8500,21.0200,21.1900,37492201,786451475.0800,0.164900,-0.802300
2021-04-14,21.0500,21.0800,20.7100,20.7600,21.0200,53201843,1107905889.7600,0.233900,-1.236900
2021-04-15,20.7600,20.8300,20.2800,20.3200,20.7600,57600278,1176856408.7400,0.253300,-2.119500
2021-04-16,20.4000,20.6100,20.3200,20.4700,20.3200,24951468,510404034.8300,0.109700,0.738200
2021-04-19,20.4100,20.6400,20.4000,20.5100,20.4700,32216369,660703746.2400,0.141700,0.195400
2021-04-20,20.4400,20.6300,20.4100,20.6100,20.5100,23126559,475301796.9300,0.101700,0.487600
2021-04-21,20.5500,20.6500,20.4700,20.6000,20.6100,23863841,490001631.1800,0.104900,-0.048500
2021-04-22,20.6000,20.6500,20.3200,20.4000,20.6000,37710976,770042881.5600,0.165800,-0.970900
2021-04-23,20.3900,20.4000,20.0200,20.3800,20.4000,49810967,1007769320.1600,0.219000,-0.098000
2021-04-26,20.3600,20.4500,20.1600,20.1600,20.3800,31879803,646011942.3900,0.140200,-1.079500
2021-04-27,20.1100,20.2600,20.0700,20.1200,20.1600,22683243,456809084.2200,0.099700,-0.198400
2021-04-28,20.1500,20.2000,19.9700,20.1200,20.1200,28506691,573097979.3000,0.125300,0.000000
2021-04-29,20.0900,20.1900,19.9700,20.1300,20.1200,34505740,693006080.8600,0.151700,0.049700
2021-04-30,20.1300,20.1500,19.8000,19.9700,20.1300,48161564,961349743.0900,0.211800,-0.794800
2021-05-06,19.9000,20.0700,19.8700,19.8900,19.9700,51696523,1030697493.5200,0.227300,-0.400600
2021-05-07,19.9000,19.9700,19.6900,19.7600,19.8900,43386527,858407470.2900,0.190800,-0.653600
2021-05-10,19.7500,19.8400,19.5600,19.6700,19.7600,38721977,761289495.4700,0.170300,-0.455500
2021-05-11,19.6400,19.9500,19.5200,19.8900,19.6700,34332839,679428902.8400,0.151000,1.118500
2021-05-12,19.8500,19.9700,19.7000,19.7700,19.8900,24864161,492445884.9100,0.109300,-0.603300
2021-05-13,19.7000,19.8800,19.6300,19.7600,19.7700,29963882,591903722.9100,0.131800,-0.050600
2021-05-14,19.7500,19.7700,19.5500,19.6500,19.7600,42437336,832625097.0600,0.186600,-0.556700
2021-05-17,19.6600,19.9000,19.6200,19.7600,19.6500,62956889,1242243111.6400,0.276800,0.559800
2021-05-18,19.7500,19.7900,19.6600,19.7900,19.7600,27127892,535115713.7700,0.119300,0.151800
2021-05-19,19.7900,19.8000,19.5900,19.6100,19.7900,28453636,559034640.0400,0.125100,-0.909600
2021-05-20,19.5800,19.6200,19.3100,19.4300,19.6100,60053208,1167625531.2200,0.264100,-0.917900
2021-05-21,19.4600,19.6400,19.4200,19.6000,19.4300,33774281,660609127.3800,0.148500,0.874900
2021-05-24,19.6100,19.6500,19.3400,19.3800,19.6000,35296840,685356082.1300,0.155200,-1.122400
2021-05-25,19.3400,19.8400,19.1800,19.8100,19.3800,62591307,1224321659.1300,0.275200,2.218800
2021-05-26,19.7500,19.7600,19.4100,19.4200,19.8100,79505692,1549587797.4700,0.349600,-1.968700
2021-05-27,19.4400,19.5200,19.3900,19.4400,19.4200,55929770,1086850622.5300,0.245900,0.103000
2021-05-28,19.4500,19.6900,19.3800,19.6700,19.4400,50076336,978866825.4300,0.220200,1.183100
2021-05-31,19.7400,19.8600,19.5500,19.8600,19.6700,47957240,945549633.1500,0.210900,0.965900
2021-06-01,19.8600,20.0700,19.7200,19.9300,19.8600,44219888,880173690.7700,0.194400,0.352500
2021-06-02,19.9800,20.0500,19.7100,19.8200,19.9300,37983807,752333963.5600,0.167000,-0.551900
2021-06-03,19.8200,20.0300,19.7300,19.9000,19.8200,35400694,703988296.1500,0.155700,0.403600
2021-06-04,19.9000,20.0200,19.7700,19.8700,19.9000,31669907,629828241.1400,0.139300,-0.150800
2021-06-07,19.8700,19.8700,19.6600,19.7400,19.8700,34970285,690822244.6800,0.153800,-0.654300
2021-06-08,19.7700,19.9000,19.7100,19.8200,19.7400,37369707,739978707.3700,0.164300,0.405300
2021-06-09,19.8700,20.3300,19.8300,20.3200,19.8200,71481128,1441167849.6300,0.314300,2.522700
2021-06-10,20.3300,20.6000,20.2600,20.3200,20.3200,57558070,1173651152.6300,0.253100,0.000000
2021-06-11,20.3500,20.8300,20.3200,20.6900,20.3200,71395916,1477074209.5600,0.313900,1.820900
2021-06-15,20.6900,20.7500,20.3600,20.4300,20.6900,42807518,877522200.1400,0.188200,-1.256600
2021-06-16,20.4300,20.5900,20.2200,20.4000,20.4300,41239615,841933300.2400,0.181300,-0.146800
2021-06-17,20.4400,20.7200,20.3400,20.4000,20.4000,42176995,866536325.5500,0.185500,0.000000
2021-06-18,20.4700,20.5200,20.0600,20.0800,20.4000,51320376,1037095299.1600,0.225700,-1.568600
2021-06-21,20.1200,20.1400,19.8000,19.9400,20.0800,50894810,1013084620.9100,0.223800,-0.697200
2021-06-22,19.9200,20.3200,19.9200,20.1500,19.9400,35805943,721434072.3700,0.157400,1.053200
2021-06-23,20.2500,20.3800,20.0500,20.2700,20.1500,40278201,814425613.8000,0.177100,0.595500
2021-06-24,20.3000,20.4500,20.2300,20.4000,20.2700,25744638,524439375.6100,0.113200,0.641300
2021-06-25,20.4400,20.7200,20.3000,20.6400,20.4000,49038854,1005552903.5300,0.215600,1.176500
2021-06-28,20.8200,21.4500,20.7800,20.9700,20.6400,65612385,1380408737.2700,0.288500,1.598800
2021-06-29,20.9700,20.9700,20.3600,20.5000,20.9700,43255849,890229543.8600,0.190200,-2.241300
2021-06-30,20.5100,20.7100,20.3900,20.6400,20.5000,22981375,472168762.7800,0.101100,0.682900
2021-07-01,20.6500,20.9500,20.4100,20.8900,20.6400,28521680,589083446.6400,0.125400,1.211200
2021-07-02,20.7300,20.7500,20.2500,20.3000,20.8900,41188859,839403593.0200,0.181100,-2.824300
2021-07-05,20.3000,20.4000,20.0400,20.1300,20.3000,36482454,734636852.7200,0.160400,-0.837400
2021-07-06,20.1000,20.7200,19.9500,20.2700,20.1300,39685027,806203341.0200,0.174500,0.695500
2021-07-07,20.2900,20.4300,20.1100,20.3100,20.2700,30192904,611213219.7800,0.132800,0.197300
2021-07-08,20.3900,20.4500,20.0400,20.3100,20.3100,35703604,721024624.3400,0.157000,0.000000
2021-07-09,20.2600,20.4000,20.1900,20.3100,20.3100,27799423,564245147.0600,0.122200,0.000000
2021-07-12,20.3800,20.4200,19.9100,19.9600,20.3100,55671169,1117592302.8300,0.244800,-1.723300
2021-07-13,19.9100,20.2100,19.8200,20.1900,19.9600,33766332,678015683.8400,0.148500,1.152300
2021-07-14,20.2100,20.2600,19.9300,20.2100,20.1900,37805654,759761127.2700,0.166200,0.099100
2021-07-15,20.1100,20.3400,19.9700,20.2800,20.2100,33177823,670717009.0300,0.145900,0.346400
2021-07-16,19.6100,19.6100,19.1800,19.2900,19.5800,53981418,1041371768.3100,0.237400,-1.481100
2021-07-19,19.2700,19.4300,19.1500,19.4000,19.2900,30581683,590447562.6800,0.134500,0.570200
2021-07-20,19.3900,19.4400,19.2000,19.2900,19.4000,25392895,489774868.0200,0.111700,-0.567000
2021-07-21,19.2200,19.2900,19.0000,19.0100,19.2900,56025125,1070155640.0100,0.246400,-1.451500
2021-07-22,18.9900,19.0800,18.7900,18.8400,19.0100,52133231,983832823.2100,0.229200,-0.894300
2021-07-23,18.9000,18.9600,18.6300,18.7900,18.8400,41983289,786854236.8600,0.184600,-0.265400
2021-07-26,18.6900,18.9200,18.6700,18.8400,18.7900,42187908,792312227.6400,0.185500,0.266100
2021-07-27,18.8400,18.8500,18.1900,18.3300,18.8400,54495540,1005885408.7400,0.239600,-2.707000
2021-07-28,18.2000,18.8200,18.2000,18.7600,18.3300,57849096,1072439198.8100,0.254400,2.345900
2021-07-29,18.6900,18.8700,18.5500,18.5900,18.7600,38512311,720265455.6000,0.169300,-0.906200
2021-07-30,18.6000,19.0000,18.4800,19.0000,18.5900,44409713,835918989.4200,0.195300,2.205500
2021-08-02,18.9700,19.0400,18.5800,18.9000,19.0000,55085576,1036065012.6100,0.242200,-0.526300
2021-08-03,18.8100,18.9900,18.7200,18.8800,18.9000,36380490,685191257.7100,0.160000,-0.105800
2021-08-04,18.8400,19.2700,18.6800,19.0600,18.8800,42254412,804162881.1100,0.185800,0.953400
2021-08-05,19.0200,19.2000,18.9000,19.1500,19.0600,34706394,662322044.0100,0.152600,0.472200
2021-08-06,19.1000,19.1200,18.8800,19.0500,19.1500,34953841,663441129.7600,0.153700,-0.522200
2021-08-09,19.0200,19.4000,19.0000,19.3500,19.0500,41614432,802532176.6800,0.183000,1.574800
2021-08-10,19.3500,19.5700,19.2300,19.5500,19.3500,37597080,731686852.5400,0.165300,1.033600
2021-08-11,19.5000,19.6500,19.4500,19.5700,19.5500,26019006,509335834.1100,0.114400,0.102300
2021-08-12,19.5400,19.8600,19.5000,19.6900,19.5700,32114698,632905707.3700,0.141200,0.613200
2021-08-13,19.6900,19.7800,19.5400,19.6000,19.6900,20331596,398551123.6200,0.089400,-0.457100
2021-08-16,19.6400,19.7700,19.5500,19.7700,19.6000,21945635,432308081.7000,0.096500,0.867300
2021-08-17,19.8100,19.9500,19.4400,19.6300,19.7700,29365833,576858210.6100,0.129100,-0.708100
2021-08-18,19.5000,19.7900,19.4900,19.6900,19.6300,29307686,577040643.9500,0.128900,0.305700
2021-08-19,19.5800,19.9500,19.5600,19.9200,19.6900,35463186,702289342.2200,0.155900,1.168100
2021-08-20,19.9700,20.0700,19.5600,19.8500,19.9200,41924218,828815655.3000,0.184300,-0.351400
2021-08-23,19.8700,20.2800,19.8500,20.0000,19.8500,47135688,944274263.9900,0.207300,0.755700
2021-08-24,20.0700,20.1500,19.8000,19.8500,20.0000,35559914,708214783.6900,0.156400,-0.750000
2021-08-25,19.9200,19.9300,19.6700,19.7300,19.8500,29716902,587420941.4800,0.130700,-0.604500
2021-08-26,19.7300,19.7900,19.4900,19.5000,19.7300,21795879,427488966.2000,0.095800,-1.165700
2021-08-27,19.5300,19.7500,19.4200,19.5300,19.5000,20067554,393217017.6100,0.088200,0.153800
2021-08-30,19.4200,19.4800,18.9800,19.0900,19.5300,38315539,734091762.3200,0.168500,-2.252900
2021-08-31,19.0700,19.4200,18.9000,19.3400,19.0900,37974541,727303524.8300,0.167000,1.309600
2021-09-01,19.4000,19.9900,19.3400,19.8200,19.3400,53595980,1058053507.0000,0.235700,2.481900
2021-09-02,19.7200,20.0000,19.6300,19.9800,19.8200,36644236,726517388.0700,0.161100,0.807300
2021-09-03,20.0000,20.1500,19.8400,20.0600,19.9800,43772080,876481828.7800,0.192500,0.400400
2021-09-06,20.0700,20.2700,19.9700,20.0200,20.0600,34986498,701932303.1400,0.153800,-0.199400
2021-09-07,20.0400,20.1600,19.8800,20.0300,20.0200,35907515,719153801.6800,0.157900,0.050000
2021-09-08,20.0500,20.4500,20.0500,20.3300,20.0300,55497445,1125412682.8300,0.244000,1.497800
2021-09-09,20.5000,20.5100,19.9200,20.3900,20.3300,57850588,1172316002.2500,0.254400,0.295100
2021-09-10,20.3900,20.5300,20.2300,20.4000,20.3900,41591535,848735039.4700,0.182900,0.049000
2021-09-13,20.3700,20.6500,20.2700,20.3800,20.4000,36884240,753583317.8900,0.162200,-0.098000
2021-09-14,20.3900,20.4400,20.0100,20.0900,20.3800,37538216,758706003.9500,0.165100,-1.423000
2021-09-15,20.0000,20.0800,19.6500,19.7100,20.0900,38454156,760573318.6500,0.169100,-1.891500
2021-09-16,19.7100,20.2200,19.6300,19.7600,19.7100,38912370,772533276.3900,0.171100,0.253700
2021-09-17,19.7700,20.4800,19.7700,20.3100,19.7600,56124933,1137932763.6600,0.246800,2.783400
2021-09-22,20.2700,21.6900,20.2500,21.3600,20.3100,114253703,2428239221.8900,0.502400,5.169900
2021-09-23,21.4500,21.9300,21.0500,21.2300,21.3600,101364862,2170815422.5000,0.445700,-0.608600
2021-09-24,21.5300,21.5500,20.8500,21.0900,21.2300,73281349,1553563540.8600,0.322200,-0.659400
2021-09-27,21.4600,21.6600,21.1100,21.5800,21.0900,101965330,2187010649.2400,0.448400,2.323400
2021-09-28,21.4900,22.0600,21.1200,21.7900,21.5800,90481725,1956084850.1100,0.397900,0.973100
2021-09-29,21.6300,22.2200,21.3500,22.1200,21.7900,112240070,2451746777.2500,0.493500,1.514500
2021-09-30,22.2000,22.2800,21.4300,22.0000,22.1200,98750701,2160433402.2100,0.434200,-0.542500
2021-10-08,22.5000,22.5100,21.6900,21.9500,22.0000,79536810,1743026209.3400,0.349700,-0.227300
2021-10-11,22.1000,22.1700,21.4000,21.6200,21.9500,58759102,1273105644.9500,0.258400,-1.503400
2021-10-12,21.4100,21.5800,21.0800,21.3300,21.6200,60442307,1284896697.1400,0.265800,-1.341400
2021-10-13,21.2500,21.2500,20.7000,20.8500,21.3300,39810551,831380845.8900,0.175100,-2.250400
2021-10-14,20.8500,20.9500,20.5500,20.6800,20.8500,34687929,717000065.3600,0.152500,-0.815300
2021-10-15,20.6300,20.9100,20.5000,20.8500,20.6800,40582444,843059694.1500,0.178400,0.822100
2021-10-18,20.8500,21.2400,20.7400,21.0600,20.8500,44454572,934824267.1000,0.195500,1.007200
2021-10-19,20.9000,21.4000,20.7600,21.3100,21.0600,41116416,868148245.2500,0.180800,1.187100
2021-10-20,21.3000,21.3800,20.9000,20.9900,21.3100,66022066,1389055748.9800,0.290300,-1.501600
2021-10-21,21.0000,21.0800,20.8100,21.0700,20.9900,33962198,711438910.2400,0.149300,0.381100
2021-10-22,21.0500,21.1200,20.8400,21.0000,21.0700,29844048,625398970.6500,0.131200,-0.332200
2021-10-25,20.9400,21.3500,20.8800,21.0300,21.0000,46293766,977047208.6200,0.203600,0.142900
2021-10-26,21.0600,21.2500,20.9800,21.1600,21.0300,32898560,694633945.5600,0.144700,0.618200
2021-10-27,21.1400,21.2700,20.9800,21.2700,21.1600,36028733,762583902.2500,0.158400,0.519800
2021-10-28,21.1600,21.2500,20.9900,21.1300,21.2700,42075088,887563937.8600,0.185000,-0.658200
2021-10-29,21.1000,21.2500,20.8600,21.2500,21.1300,40708901,857456580.1700,0.179000,0.567900
2021-11-01,21.1100,21.4200,21.0600,21.3800,21.2500,38304468,814916265.8100,0.168400,0.611800
2021-11-02,21.3900,21.4300,20.6600,20.9500,21.3800,56946001,1192929048.8800,0.250400,-2.011200
2021-11-03,20.8300,21.2900,20.7700,21.1700,20.9500,40879018,863704541.3700,0.179800,1.050100
2021-11-04,21.1600,21.2700,21.0200,21.0600,21.1700,28026835,591659882.0700,0.123200,-0.519600
2021-11-05,21.0300,21.1300,20.6500,20.6600,21.0600,37251180,773594815.4200,0.163800,-1.899300
2021-11-08,20.7300,20.7400,20.3100,20.3500,20.6600,34285318,700885822.1000,0.150800,-1.500500
2021-11-09,20.5500,20.5900,20.1200,20.3400,20.3500,36674196,745503353.6800,0.161300,-0.049100
2021-11-10,20.4000,20.4000,19.9100,20.1500,20.3400,39771645,797936087.8700,0.174900,-0.934100
2021-11-11,20.1000,20.2400,19.9600,20.1300,20.1500,40208209,807567356.9100,0.176800,-0.099300
2021-11-12,20.1400,20.1900,19.8000,19.9700,20.1300,41982477,838673958.8600,0.184600,-0.794800
2021-11-15,20.0700,20.2700,19.9200,20.1700,19.9700,44991245,903602410.2900,0.197800,1.001500
2021-11-16,20.1000,20.2300,19.9300,20.0000,20.1700,32493739,650158879.3600,0.142900,-0.842800
2021-11-17,20.0100,20.1900,19.9600,20.0600,20.0000,28935528,580528188.5300,0.127200,0.300000
2021-11-18,20.0000,20.1300,19.9600,20.0400,20.0600,25736457,516122719.7800,0.113200,-0.099700
2021-11-19,20.0200,20.2700,19.9800,20.2100,20.0400,30307444,610516284.3300,0.133300,0.848300
2021-11-22,20.2200,20.2800,19.9900,19.9900,20.2100,29310350,587633008.1100,0.128900,-1.088600
2021-11-23,19.9700,20.0200,19.9000,19.9800,19.9900,32949381,657547993.3100,0.144900,-0.050000
2021-11-24,20.0400,20.0400,19.7200,19.7900,19.9800,38276235,759832603.2300,0.168300,-0.951000
2021-11-25,19.8000,19.9100,19.6800,19.7900,19.7900,36655019,726031849.5700,0.161200,0.000000
2021-11-26,19.7500,19.7500,19.4900,19.5300,19.7900,45569503,891323167.7500,0.200400,-1.313800
2021-11-29,19.5300,19.5300,19.5300,19.5300,19.5300,0,0.0000,,0.000000
2021-11-30,19.5300,19.5300,19.5300,19.5300,19.5300,0,0.0000,,0.000000
2021-12-01,19.5300,19.5300,19.5300,19.5300,19.5300,0,0.0000,,0.000000
2021-12-02,19.5300,19.5300,19.5300,19.5300,19.5300,0,0.0000,,0.000000
2021-12-03,19.5300,19.5300,19.5300,19.5300,19.5300,0,0.0000,,0.000000
2021-12-06,19.5300,19.5300,19.5300,19.5300,19.5300,0,0.0000,,0.000000
2021-12-07,19.5300,19.5300,19.5300,19.5300,19.5300,0,0.0000,,0.000000
2021-12-08,19.5300,19.5300,19.5300,19.5300,19.5300,0,0.0000,,0.000000
2021-12-09,19.5300,19.5300,19.5300,19.5300,19.5300,0,0.0000,,0.000000
2021-12-10,19.5300,19.5300,19.5300,19.5300,19.5300,0,0.0000,,0.000000
2021-12-13,21.4700,21.4800,20.5200,20.8600,19.5300,240466334,5079887858.1300,1.057400,6.810000
2021-12-14,20.5500,21.7700,20.3500,21.6800,20.8600,152816972,3254785752.8900,0.672000,3.931000
2021-12-15,21.5300,21.8800,21.5000,21.8300,21.6800,81044609,1759463805.2900,0.356400,0.691900
2021-12-16,21.7800,22.0200,21.6500,22.0200,21.8300,58378768,1278107373.3800,0.256700,0.870400
2021-12-17,21.9700,22.1800,21.8200,21.9100,22.0200,56888435,1251931828.3700,0.250100,-0.499500
2021-12-20,21.7400,22.0300,21.4900,21.7500,21.9100,48784938,1060548556.4600,0.214500,-0.730300
2021-12-21,21.8300,22.1400,21.7300,21.9800,21.7500,36284002,797472799.7400,0.159500,1.057500
2021-12-22,21.9900,22.1800,21.9300,22.0100,21.9800,30735728,678650605.7600,0.135200,0.136500
2021-12-23,22.0200,22.2600,21.9100,22.2000,22.0100,32436286,718751458.0700,0.142600,0.863200
2021-12-24,22.1700,23.0300,22.0700,22.3700,22.2000,50644778,1140593252.6900,0.222700,0.765800
2021-12-27,22.3500,22.7100,22.0600,22.3500,22.3700,33915757,757945269.5700,0.149100,-0.089400
2021-12-28,22.4400,22.5500,22.1200,22.3700,22.3500,39586585,884930114.7400,0.174100,0.089500
2021-12-29,22.3700,22.4100,22.1300,22.2500,22.3700,29148289,648559083.2100,0.128200,-0.536400
2021-12-30,22.1700,22.6000,22.1000,22.5300,22.2500,33339376,748600905.6000,0.146600,1.258400
2021-12-31,22.4700,22.8200,22.4700,22.7000,22.5300,31889449,723342723.3400,0.140200,0.754500
2022-01-04,22.7900,22.9000,22.5500,22.8400,22.7000,47207944,1074028149.5100,0.207600,0.616700
2022-01-05,22.7500,22.9300,22.5500,22.7900,22.8400,44243779,1006812981.4400,0.194500,-0.218900
2022-01-06,22.6600,22.7800,21.9600,22.0100,22.7900,62904384,1401497026.0500,0.276600,-3.422600
2022-01-07,22.1600,22.3800,21.8900,22.1600,22.0100,35547313,787488346.0900,0.156300,0.681500
2022-01-10,22.1200,22.4900,22.1200,22.4000,22.1600,32650652,729809860.6300,0.143600,1.083000
2022-01-11,22.4500,22.9900,22.3800,22.5000,22.4000,45618790,1036164683.9200,0.200600,0.446400
2022-01-12,22.4700,22.6200,22.0200,22.2700,22.5000,35022982,778462494.6700,0.154000,-1.022200
2022-01-13,22.3000,22.5000,22.1000,22.3600,22.2700,34248577,765999881.3700,0.150600,0.404100
2022-01-14,22.4200,22.6600,22.0300,22.4500,22.3600,40524229,908136975.2000,0.178200,0.402500
2022-01-17,22.4500,22.9400,22.4400,22.6200,22.4500,42897062,976518429.1900,0.188600,0.757200
2022-01-18,22.6600,22.9800,22.5100,22.8600,22.6200,36599162,835034315.4900,0.160900,1.061000
2022-01-19,22.8400,23.0400,22.7500,22.9500,22.8600,34865674,798901463.6600,0.153300,0.393700
2022-01-20,22.9700,23.5200,22.8700,23.0800,22.9500,59563610,1380512578.8500,0.261900,0.566400
2022-01-21,23.0700,23.2300,22.8100,22.9800,23.0800,35471714,815250634.1600,0.156000,-0.433300
2022-01-24,22.9800,23.1800,22.7100,22.8500,22.9800,26991917,617396024.6500,0.118700,-0.565700
2022-01-25,22.6800,22.8500,22.4400,22.4400,22.8500,30261535,683725558.5100,0.133100,-1.794300
2022-01-26,22.4600,22.7700,22.3900,22.5700,22.4400,22026011,497368292.6900,0.096900,0.579300
2022-01-27,22.5800,22.6000,22.1300,22.3800,22.5700,32410924,723901429.4700,0.142500,-0.841800
2022-01-28,22.4800,22.6000,21.9000,21.9200,22.3800,35244949,784593956.0700,0.155000,-2.055400
2022-02-07,22.1000,22.5800,21.9900,22.3900,21.9200,31043747,691945044.8800,0.136500,2.144200
2022-02-08,22.4500,23.2200,22.3900,23.2200,22.3900,38321462,878778498.6800,0.168500,3.707000
2022-02-09,23.2500,23.4400,22.9600,23.3300,23.2200,38855076,903796252.6300,0.170900,0.473700
2022-02-10,23.4500,23.7900,23.1900,23.7800,23.3300,34539084,812299578.8100,0.151900,1.928800
